12700.0,-0.16774203231569235,0.03473327410901987,-0.019824264750806814,0.009810731339761706,-4.274618884328293e-05,0.00010771333346473308,-4.274618884328293e-05,0.010005138368164601,-3.8826273932489895e-05,0.00010771333346473308,-3.8826273932489895e-05,0.0041753577674843775
12800.0,-0.272022478582977,0.05776656981158354,-0.04863379723926659,0.009650137064010812,-5.3148264898521704e-05,0.00012342859493602213,-5.3148264898521704e-05,0.009845634340386844,-2.5193039696403842e-05,0.00012342859493602213,-2.5193039696403842e-05,0.004151925026345337
12900.0,-0.3448286617998669,0.0739533553335743,-0.08323442637851403,0.009315023120168908,3.990358267386021e-05,9.773857816355946e-05,3.990358267386021e-05,0.009734114478316668,-1.5022943974106379e-05,9.773857816355946e-05,-1.5022943974106379e-05,0.0041084257552479395
13000.0,-0.3497727126045115,0.08048727637385485,-0.1091811004999661,0.009000801783329694,0.00019259157040834907,0.0001527262873878806,0.00019259157040834907,0.009676173437635778,4.479930902045742e-05,0.0001527262873878806,4.479930902045742e-05,0.004100651688385602
13100.0,-0.31251254365782277,0.0805995230277334,-0.1279731247029427,0.00888566873442408,0.0001486217261084232,0.00020613276118974306,0.0001486217261084232,0.009416126910898166,0.00024436024143623645,0.00020613276118974306,0.00024436024143623645,0.004050797349035335
13200.0,-0.2539732814008919,0.07334800778912295,-0.1404539549013209,0.008906804157214105,0.0001658321232712113,0.00014424163627915627,0.0001658321232712113,0.009350956707162753,0.0005581336352905209,0.00014424163627915627,0.0005581336352905209,0.004077337505033017
13300.0,-0.17161343717977517,0.060179458078492315,-0.14838961349056787,0.008818119724422264,0.00017621800391752338,0.00028422809283424553,0.00017621800391752338,0.009232192417052414,0.0010113050946598903,0.00028422809283424553,0.0010113050946598903,0.004130997819609762
13400.0,-0.10856715263597982,0.05032528525561038,-0.14467949124392443,0.00875306320341491,0.00023322739240472443,0.00034828886671744264,0.00023322739240472443,0.009086290180390528,0.0012025305590348233,0.00034828886671744264,0.0012025305590348233,0.004158201695255176
13500.0,-0.06031617396986122,0.04276301376958036,-0.12961885033232606,0.008406659977872863,0.0001909665367204492,0.00032574168761164535,0.0001909665367204492,0.009145995634845038,0.0014506876932370574,0.00032574168761164535,0.0014506876932370574,0.004205541882538951
13600.0,-0.00807855343976703,0.037154758584747184,-0.10996574434705353,0.008164583332785883,0.00023923825049349068,0.00029697357568022096,0.00023923825049349068,0.009012609431957825,0.0015892156174955759,0.00029697357568022096,0.0015892156174955759,0.004178594299976855
13700.0,0.09990468171746644,0.026383249260285124,-0.08906798986564564,0.008072143701190464,0.00029096776289661485,0.0003900455992506649,0.00029096776289661485,0.009227891298622176,0.001995639588701503,0.0003900455992506649,0.001995639588701503,0.004125807262875098
13800.0,0.10635370653919987,0.027302776984817905,-0.06709997876743574,0.007825305318884963,0.0003479733788779951,0.00051992578978743,0.0003479733788779951,0.009122475787855447,0.001971631763447279,0.00051992578978743,0.001971631763447279,0.004071884857914445
13900.0,0.14253623888156697,0.026144022572353993,-0.05250170493212469,0.0077218918743707805,0.00038302240920615204,0.0005193024886971522,0.00038302240920615204,0.009117143638057006,0.002001748538106322,0.0005193024886971522,0.002001748538106322,0.004045769966403873
14000.0,0.16806173427753177,0.02514211192854487,-0.03394850466702676,0.007655494869615703,0.00036648173925438556,0.0006033140217100933,0.00036648173925438556,0.008716075056073618,0.001960458527797887,0.0006033140217100933,0.001960458527797887,0.004008663734929315
14100.0,0.21232843517321875,0.023894178540651505,-0.026889933993146438,0.007525449687739902,0.0004019310517465538,0.0005878845762573899,0.0004019310517465538,0.008443707417229452,0.001970054201607778,0.0005878845762573899,0.001970054201607778,0.003977845633015417
14200.0,0.2702975655028522,0.02287665038896442,-0.02878309814222227,0.007437927192393701,0.0005445302098298273,0.0006164997087115408,0.0005445302098298273,0.008201882663701286,0.0018246371662176077,0.0006164997087115408,0.0018246371662176077,0.0038982158336122582
14300.0,0.31946486902123916,0.02108237025420425,-0.025285102222684434,0.007207693350269947,0.000726696232139385,0.0006186718588901172,0.000726696232139385,0.00803931922171461,0.0017443419630933257,0.0006186718588901172,0.0017443419630933257,0.0038035864289483277
14400.0,0.37981861994898797,0.019366647518432138,-0.03079240257968367,0.007039800954576756,0.0007399069451691798,0.0006329407668873268,0.0007399069451691798,0.00791328574498456,0.0016670139341247434,0.0006329407668873268,0.0016670139341247434,0.003734786139629937
14500.0,0.4480594338543851,0.018501993286263833,-0.043294946529373914,0.007011073643962463,0.0006917664352898667,0.0006385582009250649,0.0006917664352898667,0.007714996223891371,0.0015509301888360658,0.0006385582009250649,0.0015509301888360658,0.0036961974987217688
14600.0,0.5402629764993727,0.015321402628531072,-0.06492127628885477,0.0068949630471938006,0.0007023321586044369,0.0005899672279066617,0.0007023321586044369,0.007841136852910689,0.0016870606187220929,0.0005899672279066617,0.0016870606187220929,0.0036417337158837467
14700.0,0.6306575232760874,0.011510295714188337,-0.08190054193102725,0.006745433870658841,0.0007746092661011669,0.0006043892615770064,0.0007746092661011669,0.007919016092236324,0.0018322103135289497,0.0006043892615770064,0.0018322103135289497,0.0035932129763215164
14800.0,0.7200240609855075,0.007711177097888403,-0.08929242392640262,0.006549186532421316,0.0008307826759569361,0.0006210506763237075,0.0008307826759569361,0.007982067304819955,0.0019616748287347475,0.0006210506763237075,0.0019616748287347475,0.003576607996071222
14900.0,0.7740407403211205,0.005143438678151101,-0.08818421685602372,0.006566458877218087,0.0009477930544934719,0.0006290959768035228,0.0009477930544934719,0.008010422875059127,0.002046874248887289,0.0006290959768035228,0.002046874248887289,0.0035614342781292397
15000.0,0.8484335175244888,0.0006447776666980681,-0.08317727027709232,0.006542324364670146,0.001008706565828577,0.0006419326360978641,0.001008706565828577,0.008150955248332325,0.0021933045404981637,0.0006419326360978641,0.0021933045404981637,0.003576240284900599
15100.0,0.9246713783578584,-0.002721564195375316,-0.06644677939548893,0.006466488638111415,0.0010763953534666467,0.0005710696924344403,0.0010763953534666467,0.008184152469508587,0.0023092703668051175,0.0005710696924344403,0.0023092703668051175,0.003492412283187434
15200.0,0.9765335694510612,-0.00521494540324473,-0.043309746282049824,0.006354234567444769,0.0011916008630074918,0.000622796688583168,0.0011916008630074918,0.00826291554953265,0.0024200300876177643,0.000622796688583168,0.0024200300876177643,0.003481103638008342
15300.0,1.027344790207902,-0.005917092645393908,-0.007356658683662935,0.006323333791718957,0.0012067555184259561,0.0005637648804062293,0.0012067555184259561,0.008121285577828288,0.002433881019408949,0.0005637648804062293,0.002433881019408949,0.0034273223474904483
15400.0,1.0706923262631691,-0.005021681001355278,0.02568762918923153,0.006134712866712415,0.001164382938424202,0.0005279129231006224,0.001164382938424202,0.007932829223414263,0.0023911788828279027,0.0005279129231006224,0.0023911788828279027,0.0034035589380421167
15500.0,1.097307951406862,-0.004252933160098062,0.0668059728178444,0.006122698028270518,0.001206641756327991,0.0005553318812949224,0.001206641756327991,0.007824003699949742,0.0022910452013538475,0.0005553318812949224,0.0022910452013538475,0.003355989290872258
15600.0,1.1380969085163843,-0.0030080356370778432,0.104314392972223,0.0059305484380052014,0.0011867492116283598,0.0005176998132966787,0.0011867492116283598,0.007764283657723849,0.002238357428910342,0.0005176998132966787,0.002238357428910342,0.003335189101249649
15700.0,1.1791959663999023,-0.000716943807635779,0.13960577260457163,0.005789283125085017,0.0011498484193960315,0.000507828072568135,0.0011498484193960315,0.007643067148327794,0.0021578669716827916,0.000507828072568135,0.0021578669716827916,0.0032831431355373375
15800.0,1.2231305341743097,0.0008829204269898217,0.17997654947543607,0.005664688943889989,0.0011355205680937065,0.0004438871248474606,0.0011355205680937065,0.007547036328223481,0.0020713193856367884,0.0004438871248474606,0.0020713193856367884,0.003270592651683321
15900.0,1.2770102591136285,0.0018202824310593576,0.2245345699239783,0.005527528776602739,0.0012078074079183044,0.0003796966190399778,0.0012078074079183044,0.00747545813691038,0.002051388608439423,0.0003796966190399778,0.002051388608439423,0.0031964943740700287
16000.0,1.3192949779461933,0.0029805653505821216,0.2729901686000627,0.00550871417010802,0.0011992920952874865,0.00034693549593435504,0.0011992920952874865,0.0073821657298249535,0.0019966255795687217,0.00034693549593435504,0.0019966255795687217,0.0031851362318018775
16100.0,1.4500940908320203,0.02497064886055269,0.3161667532198912,0.00538219110726646,0.0011262549501232734,0.0002281609222945228,0.0011262549501232734,0.007710250626627811,0.002305224275981085,0.0002281609222945228,0.002305224275981085,0.003145771554790686
16200.0,1.5106441096526853,0.025120503584958265,0.3698846661400693,0.005211829076535047,0.0011158201507605794,0.00016579515522856445,0.0011158201507605794,0.00756879696781625,0.0022377997151925284,0.00016579515522856445,0.0022377997151925284,0.0030687618499712693
16300.0,1.570494207145662,0.031232043809697643,0.4528774103452968,0.005182241355045852,0.001035938221325804,0.00010542186039830968,0.001035938221325804,0.0076243644085904685,0.002313239331809651,0.00010542186039830968,0.002313239331809651,0.003032683091923059
16400.0,1.6193042494349552,0.03085727109153591,0.5605633790021198,0.00505088149253857,0.00101728174320743,8.673294544892204e-05,0.00101728174320743,0.007542055949960537,0.002329548133796199,8.673294544892204e-05,0.002329548133796199,0.0030136662141878093
16500.0,1.6863165681926215,0.03894580902913829,0.695542028462494,0.0049717188136254534,0.0009603131163503469,1.5745382536159347e-05,0.0009603131163503469,0.007365591175424704,0.0023268181635224426,1.5745382536159347e-05,0.0023268181635224426,0.002958280616748478
16600.0,1.7573891403066746,0.06587798317336399,0.8451883027739175,0.004925286233904452,0.0008253615918209152,-0.00012443133829487927,0.0008253615918209152,0.007703255071946044,0.0025216737430873376,-0.00012443133829487927,0.0025216737430873376,0.0029394638490216184
16700.0,1.8225323664925859,0.09028403960213269,0.9934151737100867,0.00485641151854866,0.0006940411400674669,-0.00028131089894745305,0.0006940411400674669,0.007785124527661037,0.002614364595484333,-0.00028131089894745305,0.002614364595484333,0.00289639678860646
16800.0,1.844873467255734,0.05706738044404555,1.1511841551521693,0.004794900232749999,0.0007043375770611671,-0.00027378584575826574,0.0007043375770611671,0.007651536329232915,0.0025637839567339256,-0.00027378584575826574,0.0025637839567339256,0.0028876993697891564
16900.0,1.8620344950166279,0.031307417532275686,1.2992055194082526,0.004710010275268767,0.0007232405421818292,-0.0002574399164411699,0.0007232405421818292,0.00756874493483526,0.002559182794811003,-0.0002574399164411699,0.002559182794811003,0.002873449894107738
17000.0,1.8933776330038379,0.01049598997531313,1.4116648924461015,0.004700388181687569,0.0008016969776322424,-0.00022655513600306236,0.0008016969776322424,0.007133340093018146,0.0023872078285654672,-0.00022655513600306236,0.0023872078285654672,0.002810238584834654
17100.0,1.9172049967705789,-0.005276082617398308,1.4894988828756208,0.004694109475212819,0.000819314711177809,-0.00020916007752510446,0.000819314711177809,0.007067395258668641,0.002355727014381862,-0.00020916007752510446,0.002355727014381862,0.0027823492442292717
17200.0,1.9540413898406763,-0.016844049049499477,1.5515236955356426,0.00466044163328456,0.0008008931519980093,-0.00022017170982783718,0.0008008931519980093,0.0070462071085746585,0.0023360110328215825,-0.00022017170982783718,0.0023360110328215825,0.002771934680002517
17300.0,2.0002401243609986,-0.025072006525675553,1.5956862371556093,0.004621205428687303,0.0007968659520936474,-0.0002218631679824138,0.0007968659520936474,0.00699140625229262,0.0023101910558909404,-0.0002218631679824138,0.0023101910558909404,0.0027587325673287793
17400.0,2.0362414513222378,-0.030615775622755057,1.6317097792579123,0.0045470990176121415,0.0008641525220545552,-0.000211057094935052,0.0008641525220545552,0.006740174757940233,0.002193987474382783,-0.000211057094935052,0.002193987474382783,0.002705574840033304
17500.0,2.0824462994961905,-0.033638207708544386,1.6770353215282454,0.004460435228854026,0.0008746642859102869,-0.0002298443918381151,0.0008746642859102869,0.006521028979318205,0.002117603604444912,-0.0002298443918381151,0.002117603604444912,0.002679870381882405
17600.0,2.133941443719139,-0.005426127244154268,1.7287952615929816,0.004461058408615513,0.0008133377023189115,-0.00035533215892294206,0.0008133377023189115,0.006257624601886193,0.001993919444606969,-0.00035533215892294206,0.001993919444606969,0.0026117752969017824
17700.0,2.168922347529172,0.04508766818895344,1.788829539674235,0.004464050374542113,0.000686546658097626,-0.0005819621664823827,0.000686546658097626,0.006121903520180014,0.0019109814018297485,-0.0005819621664823827,0.0019109814018297485,0.002585951230314102
17800.0,2.218531701161332,0.045320238604182744,1.8976824807402624,0.00448688420514413,0.0006655895348067432,-0.0006355411119674155,0.0006655895348067432,0.00606116431996277,0.0018763313789230838,-0.0006355411119674155,0.0018763313789230838,0.002566269863016164
17900.0,2.2799545121459097,0.023645759337729444,2.05292570372235,0.004332721224634252,0.0006588879077494075,-0.0006752411237741952,0.0006588879077494075,0.005895686836768918,0.0017850610716326494,-0.0006752411237741952,0.0017850610716326494,0.0025144492639698098
18000.0,2.345137443072598,0.006889400853146597,2.2626481852451485,0.004260719758909503,0.0007269828754548604,-0.000658361282131352,0.0007269828754548604,0.00580169316779576,0.0017605351169373959,-0.000658361282131352,0.0017605351169373959,0.002516116355992192
18100.0,2.3444554187452713,0.07238588902237905,2.487227890096178,0.0043161748560760355,0.000676129702820457,-0.0008502246685593141,0.000676129702820457,0.005530866760341791,0.0015765531425349537,-0.0008502246685593141,0.0015765531425349537,0.0025037051357880737
18200.0,2.368290437451612,0.09535591609204637,2.683145811384766,0.0043649352362520304,0.0006777424177613934,-0.0009309098620385753,0.0006777424177613934,0.005352588378237617,0.0014593232083904768,-0.0009309098620385753,0.0014593232083904768,0.0025051401482095253
18300.0,2.4164919803486704,0.1039035187986102,2.8241837181560907,0.004373973205049841,0.000677386932176492,-0.0009461473975431602,0.000677386932176492,0.005341578015562325,0.001461300380253093,-0.0009461473975431602,0.001461300380253093,0.0025157825793785844
18400.0,2.4530601640348255,0.12477164134204596,2.9203894354161752,0.00430982862318792,0.0006800993788501654,-0.0009695485703289848,0.0006800993788501654,0.0052414581165262705,0.0014420468887833171,-0.0009695485703289848,0.0014420468887833171,0.0025098891955478366
18500.0,2.480322769466908,0.15539660298915806,2.9847298293913767,0.004287884729883213,0.0006813362739894003,-0.0009712791741934924,0.0006813362739894003,0.005149079915163392,0.00142274859165033,-0.0009712791741934924,0.00142274859165033,0.0025108250131611475
18600.0,2.5007889665989693,0.17973507319146728,2.9862112756954104,0.004290151013325309,0.0006415871163255408,0.0008253870513692748,0.0006415871163255408,0.005058776413151352,-0.001836817103423736,0.0008253870513692748,-0.001836817103423736,0.1531802150358225
18700.0,2.515962816616243,0.2135649725026027,2.9813562774253737,0.004296133470178776,0.0006226891679322011,0.002350410801912497,0.0006226891679322011,0.004934219403268151,-0.002923064186826242,0.002350410801912497,-0.002923064186826242,0.22822125730696832
18800.0,2.5124508247831834,0.256298186796436,2.992691677453469,0.004307590006805498,0.000610035294322555,-0.0010221567532066164,0.000610035294322555,0.004786682835270543,0.0012281096876158666,-0.0010221567532066164,0.0012281096876158666,0.002464985728318041
18900.0,2.5168747460276157,0.30385780732764023,2.9785943471937477,0.00429253695467757,0.0005786809615486481,-0.0010277051358980776,0.0005786809615486481,0.004734189910983542,0.0011499790630849014,-0.0010277051358980776,0.0011499790630849014,0.0024288996327965834
19000.0,2.4253019420390833,0.3728169058449904,2.9600347912997798,0.004316453423654357,0.0007091393966545653,-0.0010753077392032257,0.0007091393966545653,0.004398086055614228,0.0007522235988829947,-0.0010753077392032257,0.0007522235988829947,0.0023791498139434956
19100.0,2.3807349921027248,0.4240227133776445,2.961741800425168,0.004320532702515037,0.000875492716622403,-0.0011092865971073212,0.000875492716622403,0.004221301623384594,0.0004711256764254454,-0.0011092865971073212,0.0004711256764254454,0.002375153318112099
19200.0,2.399698802018319,0.4537993372023572,2.9745769748536826,0.0043186638692287544,0.0009031711811390717,-0.0011309479984283465,0.0009031711811390717,0.004156385533486389,0.0003676152377592426,-0.0011309479984283465,0.0003676152377592426,0.0023668220474449635
19300.0,2.374675102162144,0.48011521082459635,2.9945267353789786,0.004352191640576628,0.0009868134760586424,-0.0011553060307696408,0.0009868134760586424,0.004063167781818446,0.0002009093001573039,-0.0011553060307696408,0.0002009093001573039,0.002367709248320548
19400.0,2.3566962608395836,0.4997062390384683,2.9844991934277956,0.004319700818709558,0.001047828693094576,0.0035088739557065218,0.001047828693094576,0.004030982636765178,-0.0024158225802326004,0.0035088739557065218,-0.0024158225802326004,0.26580985882840324
19500.0,2.3032139292896723,0.516406650003752,2.677943213683297,0.004329613706850396,0.0011675335119992667,0.016616270619532473,0.0011675335119992667,0.00393259247477212,0.002577553462798798,0.016616270619532473,0.002577553462798798,2.231661977614798
19600.0,2.2973601473192375,0.5220664399659529,1.8238302113213984,0.004305940521356579,0.0011950362845066476,0.05346902468476319,0.0011950362845066476,0.0038986691134406774,0.010332204151090233,0.05346902468476319,0.010332204151090233,6.245692055955277
19700.0,2.3148590826937196,0.5243376770236886,0.5340789499122554,0.0042660615474314125,0.0011682452595323893,0.05390256889761809,0.0011682452595323893,0.0038762901521069482,0.036481045476285466,0.05390256889761809,0.036481045476285466,9.33138050747006
19800.0,2.3093225387901697,0.5254246473058772,0.3351386886121967,0.004191318332776881,0.0011105851206147184,0.06154184952814388,0.0011105851206147184,0.0038477593048873208,0.03814495182222903,0.06154184952814388,0.03814495182222903,9.512726708398619
19900.0,2.2854474511266645,0.5249708566829323,0.46198371370767055,0.004092112468113162,0.0010079485964709755,0.05199400206757164,0.0010079485964709755,0.0037318493237507343,0.032483842000945076,0.05199400206757164,0.032483842000945076,9.408539103570064
20000.0,2.2653697216153814,0.5240433540366822,0.4312000123426466,0.004055180402752677,0.0009049076890902857,0.05060941338500887,0.0009049076890902857,0.003606854223147645,0.03129671500440469,0.05060941338500887,0.03129671500440469,9.436723208932126
20100.0,2.230999637796573,0.5227499684034442,1.0867709060067805,0.00400002269666846,0.0008464223205902386,0.058708012320719274,0.0008464223205902386,0.003582649992832608,0.026872028591624506,0.058708012320719274,0.026872028591624506,8.427004895282133
20200.0,2.1857415638627304,0.5208629881730749,1.812321004281219,0.003896592730278358,0.0007884902944309505,0.03474604455315811,0.0007884902944309505,0.00353701192003843,0.007919378020316057,0.03474604455315811,0.007919378020316057,6.226689606645239
20300.0,2.1279268576804267,0.5204733781862219,2.65246548984802,0.003875539215164944,0.0007824077285051031,0.013295410166584034,0.0007824077285051031,0.0035138683546790503,0.0027664290137016647,0.013295410166584034,0.0027664290137016647,2.367670981519094
20400.0,2.035657138956319,0.5228076965605857,2.989043203346971,0.0038690368924573166,0.0007889751375853855,0.003635477814329739,0.0007889751375853855,0.0034592922308257536,-0.001891283039738533,0.003635477814329739,-0.001891283039738533,0.30341749225564685
20500.0,1.9731600905035438,0.5253315593549952,2.979911468323764,0.0037932187643270727,0.0007826500979885367,0.0016305158540735388,0.0007826500979885367,0.0034643391914084814,-0.001290400794133187,0.0016305158540735388,-0.001290400794133187,0.22839892369692977
20600.0,1.9081574421512375,0.528001091855317,2.9851450479560957,0.003771275777081028,0.0007994342439995559,0.0016176642940061098,0.0007994342439995559,0.0034566629533570705,-0.0011580765328927677,0.0016176642940061098,-0.0011580765328927677,0.22843633157587687
20700.0,1.8554896357216886,0.5277286260707459,2.984349243035697,0.003693438431940113,0.000772799444767342,0.002696879265527154,0.000772799444767342,0.003459064761857273,-0.0008501223118358775,0.002696879265527154,-0.0008501223118358775,0.26599120872809834
20800.0,1.7937845491301803,0.5302360804388572,2.9921444583172683,0.0036951223564269864,0.0008377517154705019,0.0035853668109605244,0.0008377517154705019,0.003545824693556089,-0.0010588754761022667,0.0035853668109605244,-0.0010588754761022667,0.30356488222497063
20900.0,1.7441948728479035,0.5295971015485877,2.9067314425203725,0.0036538117819444773,0.0008610193371703864,0.009711567285039677,0.0008610193371703864,0.003583486065308913,0.008245679345049581,0.009711567285039677,0.008245679345049581,0.9341281198022182
21000.0,1.681205930113267,0.5288660880514515,2.3897460571155755,0.0035914663110475343,0.0008810048816468957,0.021910298181733026,0.0008810048816468957,0.0036832035790835826,0.012669318492298978,0.021910298181733026,0.012669318492298978,3.7969534490057884
21100.0,1.6191227514560886,0.527699677597081,1.583466589497688,0.0034838119985036832,0.0009383160114652139,0.046118076809095535,0.0009383160114652139,0.0037793253208452393,0.04987996210134442,0.046118076809095535,0.04987996210134442,7.084512898222645
21200.0,1.6143219440263827,0.5232767600462975,0.2738151250885873,0.003444930321802378,0.0009240995098779272,0.04001926072501442,0.0009240995098779272,0.0037524070012230483,0.0846877054971673,0.04001926072501442,0.0846877054971673,9.55147999011089
21300.0,1.592003575047405,0.5193121038474307,0.8089475199006017,0.003418911582454646,0.0008744903193618481,0.05420029321499306,0.0008744903193618481,0.0036839168020257004,0.07559026637462467,0.05420029321499306,0.07559026637462467,8.96739551683391
21400.0,1.5743902486598094,0.5156152994109078,1.3551452556636543,0.003389194573289807,0.0008403106373848134,0.053108176122625673,0.0008403106373848134,0.0036567043099427045,0.05666337740470081,0.053108176122625673,0.05666337740470081,7.769074920118344
21500.0,1.5427804777007683,0.5123855991473119,1.6462724096553518,0.003343267687060284,0.0007874614976616999,0.031099721336605306,0.0007874614976616999,0.003613792009015536,0.04788897959247402,0.031099721336605306,0.04788897959247402,6.8421147588849465
21600.0,1.5002393854514127,0.509027271564513,2.9850125551565765,0.003329993374809385,0.0007531412485395848,0.0063118708276417995,0.0007531412485395848,0.0035709463651527515,0.0017741422567756826,0.0063118708276417995,0.0017741422567756826,0.41652618116510415
21700.0,1.4601290129894529,0.5067963045700563,2.990356034450392,0.0033098780005734706,0.0007357252625813387,-0.0008645780522025839,0.0007357252625813387,0.0035759729780168686,-0.0012330728987828676,-0.0008645780522025839,-0.0012330728987828676,0.002368793244595281
21800.0,1.3669736364802638,0.5120608733443281,2.915804728876126,0.003259754865537777,0.0007548063534599224,-0.0008548866066769357,0.0007548063534599224,0.0037035984877989885,-0.00137776551576315,-0.0008548866066769357,-0.00137776551576315,0.0023654296689317325
21900.0,1.294537658762134,0.516167544817925,2.8331577678777156,0.003263191376384722,0.000818810417618286,-0.0008916502132156469,0.000818810417618286,0.003815738337495187,-0.0014952153872073652,-0.0008916502132156469,-0.0014952153872073652,0.0023779664650082346
22000.0,1.198207441771887,0.5359580271478395,2.743370955709341,0.003287394506391024,0.0009340441818101782,-0.0009550714308806546,0.0009340441818101782,0.0041224821246047035,-0.0017309624570000456,-0.0009550714308806546,-0.0017309624570000456,0.0023716444731765045
22100.0,1.1047299072698458,0.5601533503848846,2.642557123961091,0.0033481902081919576,0.001160454848677251,-0.0010700933315984336,0.001160454848677251,0.004472122964428875,-0.0019899217592137058,-0.0010700933315984336,-0.0019899217592137058,0.002366482442805842
22200.0,1.0461028005147346,0.5823533934706455,2.5126771966524926,0.003406081248190036,0.0013699138359836633,-0.0011742829068393421,0.0013699138359836633,0.004799220832413467,-0.0021986794189092153,-0.0011742829068393421,-0.0021986794189092153,0.0023592608700118774
22300.0,1.044769032007871,0.5675438693652646,2.408070716349227,0.0033781074612931933,0.001398854195608872,-0.0011889914801806478,0.001398854195608872,0.004780991547908292,-0.0022118062021998773,-0.0011889914801806478,-0.0022118062021998773,0.0023507748345872118
22400.0,1.0268978106923266,0.5565964174131297,2.3236978434637203,0.0033713007496103562,0.001438360865786793,-0.0012198686626574713,0.001438360865786793,0.004763711804250329,-0.002198205466183785,-0.0012198686626574713,-0.002198205466183785,0.0023282389191403964
22500.0,1.0240436213212725,0.5377493661202248,2.2390105252013566,0.0033108782454534256,0.0013860796106245762,-0.0011947596474524186,0.0013860796106245762,0.004708695483287125,-0.0021699995772924774,-0.0011947596474524186,-0.0021699995772924774,0.0023101108610923435
22600.0,1.0028369195969782,0.5223197328944781,2.136862475013101,0.003229618396900771,0.0012993159746509818,-0.001142456685486821,0.0012993159746509818,0.004576192747422138,-0.0020861934936204506,-0.001142456685486821,-0.0020861934936204506,0.0022597322571330032
22700.0,0.9679486521947125,0.5097650354887094,2.0242611010186895,0.003182293641645662,0.0012771651604760134,-0.0011179902058550694,0.0012771651604760134,0.004549013783648747,-0.002067160323669257,-0.0011179902058550694,-0.002067160323669257,0.002261106280635444
22800.0,0.9408896209269133,0.4997811299093165,1.912730810232036,0.003128039811547239,0.0012485416151162688,-0.001097489208336799,0.0012485416151162688,0.004510952753307053,-0.0020374591811458628,-0.001097489208336799,-0.0020374591811458628,0.0022419451592489347
22900.0,0.9022190943640027,0.49206435582194935,1.798917197776067,0.003067629159000623,0.0012252151139884536,-0.0010780241737780218,0.0012252151139884536,0.004488116997280417,-0.0020279165107032044,-0.0010780241737780218,-0.0020279165107032044,0.00223830802105814
23000.0,0.8547035526551983,0.48537083907235734,1.7080675082648678,0.003000507457319962,0.0011379882045698653,-0.00104158037193108,0.0011379882045698653,0.004361238400692346,-0.0020028568593063586,-0.00104158037193108,-0.0020028568593063586,0.0022459904440352368
23100.0,0.8182397224875635,0.48018014753636795,1.6312844006301277,0.002935299154505333,0.001115018967962789,-0.0010168168837902385,0.001115018967962789,0.0043368846808065275,-0.0019967738952839844,-0.0010168168837902385,-0.0019967738952839844,0.0022433197748503034
23200.0,0.7692131098974435,0.5197076661894778,1.5479673650179713,0.0030089178873564837,0.0011833991685498394,-0.0011265897558627679,0.0011833991685498394,0.0042899781949451545,-0.0019781309715078384,-0.0011265897558627679,-0.0019781309715078384,0.00222616057769731
23300.0,0.7173797469668582,0.555161846962305,1.4760523026463024,0.003194493289964426,0.001295064730081075,-0.0012667578865629657,0.001295064730081075,0.004194371149793192,-0.0019139968790611462,-0.0012667578865629657,-0.0019139968790611462,0.00218218408528899
23400.0,0.6765908517161057,0.5288743501919585,1.434651173200474,0.0031808526091423473,0.0012823056133110032,-0.0012578918818814664,0.0012823056133110032,0.004187247865798425,-0.0019158024292767887,-0.0012578918818814664,-0.0019158024292767887,0.002179597844449655
23500.0,0.633957333158365,0.5598159950507855,1.420566640857455,0.0033003667609421026,0.0013264091455417767,-0.001380946119343676,0.0013264091455417767,0.004044644627859872,-0.0018748407028265628,-0.001380946119343676,-0.0018748407028265628,0.002180401394283416
23600.0,0.606753100084706,0.6185168380253754,1.4045829311455664,0.0036671359661338333,0.0014831043047994538,-0.0016532477349817066,0.0014831043047994538,0.003933065280279654,-0.0018156547162267074,-0.0016532477349817066,-0.0018156547162267074,0.0021953921823466924
23700.0,0.5636620068917573,0.637793138780846,1.396231710461087,0.003919913946330295,0.0015866386804758387,-0.0018078350902058027,0.0015866386804758387,0.0037990233718116564,-0.001751791528840843,-0.0018078350902058027,-0.001751791528840843,0.0021684314467014182
23800.0,0.5120498355374874,0.656410963908979,1.395410625163196,0.0042745104301265425,0.0016798879085768382,-0.0019772700795412765,0.0016798879085768382,0.003613410116267875,-0.0016611376528421057,-0.0019772700795412765,-0.0016611376528421057,0.002125635491357588
23900.0,0.47138308965916975,0.6818187220539753,1.362666032547145,0.004755148105712308,0.0017504019248970545,-0.002192014598248344,0.0017504019248970545,0.0033935528287972923,-0.0015474132219604221,-0.002192014598248344,-0.0015474132219604221,0.00209437262631596
24000.0,0.4061923872297037,0.6174116100705975,1.2960242115709222,0.004738460688464981,0.001708338776470681,-0.0021638879115366224,0.001708338776470681,0.003294695741994211,-0.0014904538592534484,-0.0021638879115366224,-0.0014904538592534484,0.0020602631461912766
24100.0,0.34001987384077503,0.5744943639347961,1.1893200559344501,0.004756011895110209,0.0016620926911811312,-0.002143583234273676,0.0016620926911811312,0.0031792923969512174,-0.0014152568657674574,-0.002143583234273676,-0.0014152568657674574,0.002016221783684871
24200.0,0.29050757178755654,0.5405397301157903,1.0568668817148494,0.004852875685179023,0.001656423737350401,-0.00218268080296811,0.001656423737350401,0.003049338724161935,-0.0013752076766296354,-0.00218268080296811,-0.0013752076766296354,0.0020209203770530145
24300.0,0.23193374835816516,0.506824492626587,0.8795656846456712,0.0048471266206607105,0.0016053790524123604,-0.002165562255531202,0.0016053790524123604,0.002977766296064995,-0.001333554072263282,-0.002165562255531202,-0.001333554072263282,0.0020007154526150424
24400.0,0.16430862554998676,0.4742201538651851,0.6745743090802367,0.004769665952636565,0.0015405305181344963,-0.0021145814309146286,0.0015405305181344963,0.0029350607656873037,-0.0012985002553221453,-0.0021145814309146286,-0.0012985002553221453,0.001974916421542364
24500.0,0.11263572853335879,0.44943325732799544,0.4610040060159796,0.0046346962131368075,0.0014451083317469102,-0.0020063352481924385,0.0014451083317469102,0.002871116869717123,-0.001226019925825485,-0.0020063352481924385,-0.001226019925825485,0.001888735724214866
24600.0,0.08755358802702365,0.44769787262394556,0.28099396904456453,0.004654623929680076,0.0013427658657338085,-0.0019623023973960843,0.0013427658657338085,0.002698284163539534,-0.0011189542967500227,-0.0019623023973960843,-0.0011189542967500227,0.001822601170649561
24700.0,0.05577644403176616,0.45032060183560607,0.14022686816809596,0.004679404885002989,0.001274804786670602,-0.0019652903215226325,0.001274804786670602,0.0026533131702599056,-0.001072080376051242,-0.0019652903215226325,-0.001072080376051242,0.0018241544433928302
24800.0,0.03188764972580042,0.4639501762108033,0.04642615948153024,0.004635476938155346,0.0012185573563386356,-0.0019368989211976007,0.0012185573563386356,0.0025906600527049115,-0.0010207546133705692,-0.0019368989211976007,-0.0010207546133705692,0.0018027505047464212
24900.0,-0.007942324837322854,0.4854779787425265,-0.0008955573539742787,0.004568692609561433,0.0011743964421700227,-0.0019096140124298,0.0011743964421700227,0.0025619883382681508,-0.0009989514108917816,-0.0019096140124298,-0.0009989514108917816,0.0017918865167274073
25000.0,0.0071211718815800615,0.5172107965701103,-0.01409737782777211,0.004469203078822475,0.0010268419863600688,-0.001859531694952271,0.0010268419863600688,0.0024549944095799544,-0.0008936232037893929,-0.001859531694952271,-0.0008936232037893929,0.0017748638579092371
25100.0,0.010835243753221141,0.5423155002867893,0.007915868831348389,0.004395508543025947,0.0008837644876319302,-0.0018176987054737376,0.0008837644876319302,0.002362516966631903,-0.000795826434215208,-0.0018176987054737376,-0.000795826434215208,0.0017417142428541963
25200.0,-0.00870298606888977,0.5766840869144494,0.04775961042111161,0.00432272116480114,0.000792516373833757,-0.0017943514027799084,0.000792516373833757,0.00228939296499281,-0.0007458802588236311,-0.0017943514027799084,-0.0007458802588236311,0.0017358789870131118
25300.0,-0.03859630503588067,0.6170273184175878,0.08981725783389,0.004279697423980265,0.0007701336818478767,-0.001763480842511368,0.0007701336818478767,0.00226198372469353,-0.0007388533950364093,-0.001763480842511368,-0.0007388533950364093,0.0017136377035507988
25400.0,-0.06051998099307201,0.6623485450849469,0.11154601335787129,0.004260137759051198,0.0007623182242997106,-0.0017483373856283578,0.0007623182242997106,0.002298169348572001,-0.0007490966168256569,-0.0017483373856283578,-0.0007490966168256569,0.001701027770589721
25500.0,-0.07615948978917005,0.7112681341611702,0.11907549697148208,0.0042421394617449155,0.00075627989015311,-0.001743584715676301,0.00075627989015311,0.002334426436131008,-0.0007586104980066747,-0.001743584715676301,-0.0007586104980066747,0.0016985085668344826
25600.0,-0.0867261168675585,0.762944547604681,0.10564286880518833,0.0041592692830516725,0.0007580983025593314,-0.0017255459934895309,0.0007580983025593314,0.0023789348358755147,-0.0007664671644190909,-0.0017255459934895309,-0.0007664671644190909,0.0016922243632569104
25700.0,-0.09373371683176651,0.8027350569145998,0.07687313940680678,0.004121871944365801,0.0007445360609309063,-0.001716017910851627,0.0007445360609309063,0.002369041019095248,-0.0007705325344847684,-0.001716017910851627,-0.0007705325344847684,0.0016969902419452006
25800.0,-0.09784018683066681,0.8473984946598159,0.026150507904449415,0.004068478535810889,0.0007610255462102925,-0.0016866187430107467,0.0007610255462102925,0.0023868944565036093,-0.0007767157761239526,-0.0016866187430107467,-0.0007767157761239526,0.001677562404193781
25900.0,-0.05536391919876482,0.8979713479965709,-0.01322770481638023,0.004020877799092192,0.0006411919829698432,-0.001662725105703204,0.0006411919829698432,0.0023340025840680617,-0.0006686249896500196,-0.001662725105703204,-0.0006686249896500196,0.0016573901907944299
26000.0,-0.03048235059274053,0.9499690095506029,-0.045669405770488836,0.003989093571729948,0.0005467834620240523,-0.0016492724498826437,0.0005467834620240523,0.0023194869060035738,-0.0005892662172328171,-0.0016492724498826437,-0.0005892662172328171,0.0016516580130386533
26100.0,0.01811479324565637,1.0024434548560843,-0.04783375275105305,0.003930949654352771,0.00038772985057540965,-0.0016179558519967393,0.00038772985057540965,0.0022233442165996956,-0.0004609366585400952,-0.0016179558519967393,-0.0004609366585400952,0.0016471600091708897
26200.0,0.07970799953766547,1.0432816147438504,-0.04682572599902458,0.0038858322375565748,0.00022254304624261175,-0.0015982189853029417,0.00022254304624261175,0.0021724912661945,-0.0003014241595168351,-0.0015982189853029417,-0.0003014241595168351,0.001641884346575038
26300.0,0.13268037643783745,1.075406479838128,-0.03742837576363012,0.0038318660876962567,6.336339606075475e-05,-0.0015626067614905102,6.336339606075475e-05,0.0021129125566085403,-0.00013395617398110005,-0.0015626067614905102,-0.00013395617398110005,0.0016204360977005274
26400.0,0.15975251460000944,1.1027871797033737,-0.0172950047517175,0.003797501449614752,-3.132363924810571e-05,-0.001545198284797208,-3.132363924810571e-05,0.0020921735948207353,-3.5255069829583393e-05,-0.001545198284797208,-3.5255069829583393e-05,0.0016220339555801599
26500.0,0.21952827614666323,1.1255286009276024,0.014175279275812783,0.0037568849485085354,-0.00015963711806531305,-0.0015208465134705753,-0.00015963711806531305,0.0020840130328355654,0.00011076830338911943,-0.0015208465134705753,0.00011076830338911943,0.0016100489061765348
26600.0,0.26304919656446923,1.1467290078966406,0.04575311042475099,0.003710099898511313,-0.00031415221914869073,-0.0014848202519900445,-0.00031415221914869073,0.00211862527923666,0.0002643991947824008,-0.0014848202519900445,0.0002643991947824008,0.00159237180556522
26700.0,0.2606351210832683,1.163104067058713,0.05586216531947717,0.003696626836137565,-0.00035419951807385874,-0.0014776170952046524,-0.00035419951807385874,0.002134278979766205,0.0003097915827982742,-0.0014776170952046524,0.0003097915827982742,0.0015885386529103937
26800.0,0.2546373375678342,1.1745707509200862,0.0676743518228446,0.003654538908353096,-0.0003590490942238137,-0.001469077050581154,-0.0003590490942238137,0.0021294053618854457,0.0003049741100195529,-0.001469077050581154,0.0003049741100195529,0.0015825565101596133
26900.0,0.2802010458578229,1.186092284112046,0.07169155217828474,0.0036180231655079304,-0.000424100543064908,-0.0014510727484063123,-0.000424100543064908,0.0021337384318222134,0.00036633041519304607,-0.0014510727484063123,0.00036633041519304607,0.0015684628328813286
27000.0,0.2883072215148201,1.1930220867941221,0.06744497472376912,0.003571056522421769,-0.00041487278470718166,-0.0014577462439890091,-0.00041487278470718166,0.002086427866913597,0.0003400403441193388,-0.0014577462439890091,0.0003400403441193388,0.0015664504608433542
27100.0,0.3134487314818015,1.1977917604212132,0.05391259566386845,0.003512447441567292,-0.00038078827545428515,-0.0014452325141355387,-0.00038078827545428515,0.0020255987147804085,0.0003207699012346923,-0.0014452325141355387,0.0003207699012346923,0.001569744423400995
27200.0,0.3342935783231815,1.2009113923403612,0.02133458063254862,0.0034097232239229083,-0.00039473734690497874,-0.0014449751810047737,-0.00039473734690497874,0.002018952505975802,0.0003226256762665887,-0.0014449751810047737,0.0003226256762665887,0.0015659010034711181
27300.0,0.40682552459876103,1.2041088584001869,-0.0032271156478956217,0.003310734151475168,-0.00046748049319825507,-0.0014525587931528592,-0.00046748049319825507,0.002043128110252191,0.0004021161802391296,-0.0014525587931528592,0.0004021161802391296,0.0015682015971096694
27400.0,0.4468592399841658,1.2059836479061574,-0.03236254872370907,0.003278519713844553,-0.0005064826551500998,-0.001452484100029623,-0.0005064826551500998,0.002064537832339215,0.00044413927864276503,-0.001452484100029623,0.00044413927864276503,0.0015698315901892207
27500.0,0.5399629636837578,1.2062542497795397,-0.04760816556689822,0.00324219806233121,-0.0006233297667359,-0.0014439000736038887,-0.0006233297667359,0.0021526700339300963,0.0005805005993383899,-0.0014439000736038887,0.0005805005993383899,0.001569324051239556
27600.0,0.613112518556507,1.2067703913541958,-0.03284172426407231,0.0031719612735433395,-0.0007067537793129889,-0.0014196037494154396,-0.0007067537793129889,0.0022302766169572537,0.0006808689622293553,-0.0014196037494154396,0.0006808689622293553,0.0015593367542556403
27700.0,0.660634021791016,1.2092026525477995,-0.024744659604127014,0.0031449707746841094,-0.0007768622407579211,-0.0014121019812405838,-0.0007768622407579211,0.002286254221296771,0.0007557627836906635,-0.0014121019812405838,0.0007557627836906635,0.0015541722507727875
27800.0,0.7141180821805916,1.2120791275989933,-0.0047917410115853225,0.003107677852363498,-0.0008628446930398865,-0.001404163074008897,-0.0008628446930398865,0.002382169534083212,0.0008494129476262791,-0.001404163074008897,0.0008494129476262791,0.0015534248273276294
27900.0,0.7501885504630479,1.2153862427609952,0.025026319396180528,0.0030671082692381316,-0.0008794639130019375,-0.0014054512837531315,-0.0008794639130019375,0.00242222080745681,0.0008926323943155911,-0.0014054512837531315,0.0008926323943155911,0.0015524282938782106
28000.0,0.7550620189624332,1.2177372731624503,0.057984234264035324,0.00305190290474126,-0.0008640217382635617,-0.0013991562404374004,-0.0008640217382635617,0.0024071828396430616,0.0008874388076058961,-0.0013991562404374004,0.0008874388076058961,0.0015507395642987399
28100.0,0.7771633428367463,1.219243826805923,0.07959909627682452,0.003021334324655868,-0.0008548963925296979,-0.0013815554604016018,-0.0008548963925296979,0.0023972112474515317,0.0008787888402513861,-0.0013815554604016018,0.0008787888402513861,0.0015380180553726166
28200.0,0.8127036112023225,1.2197880898560038,0.08100689628042511,0.003035380590602197,-0.0008508333606886661,-0.0013875246329213473,-0.0008508333606886661,0.0023929312637577275,0.0008779683883472011,-0.0013875246329213473,0.0008779683883472011,0.001538174788277226
28300.0,0.8401699927132701,1.2200025333192124,0.08653672181000534,0.002991977879283641,-0.0008448590917326181,-0.0013647209215495698,-0.0008448590917326181,0.0023926021741405234,0.0008727369096203137,-0.0013647209215495698,0.0008727369096203137,0.0015249756245188217
28400.0,0.8790997845177579,1.220011491803636,0.0910804328207758,0.0029981248944319374,-0.0008558267418059625,-0.0013691902876778574,-0.0008558267418059625,0.002383967233865943,0.0008739053381829639,-0.0013691902876778574,0.0008739053381829639,0.0015230630960618408
28500.0,0.9424139367921227,1.220896990725727,0.08326155337756679,0.002911671053493622,-0.0008254077409806889,-0.0013269064969933368,-0.0008254077409806889,0.0023232722308641563,0.0008494817558286747,-0.0013269064969933368,0.0008494817558286747,0.0014897013418940298
28600.0,1.0057948798994594,1.2230918496441965,0.06891427553034318,0.0028861576478170664,-0.000879596169156451,-0.0013284443737762008,-0.000879596169156451,0.0023640072186570118,0.0008975595583351833,-0.0013284443737762008,0.0008975595583351833,0.001485269080662278
28700.0,1.0418593835691365,1.2219223314953993,0.06746601127636197,0.0028796982410318477,-0.0008843009183092729,-0.0013299084208026103,-0.0008843009183092729,0.0023616647306536,0.0008933053789846525,-0.0013299084208026103,0.0008933053789846525,0.0014825202016136968
28800.0,1.11023944513231,1.2223032321640122,0.06597530014343261,0.002852527439082917,-0.0008923509951398122,-0.001348004011356728,-0.0008923509951398122,0.0023841565909262104,0.0009267189222053942,-0.001348004011356728,0.0009267189222053942,0.0014923203004136004
28900.0,1.1769169412106093,1.2235839222768798,0.12470245567439706,0.0028670334808981995,-0.0009531902718517707,-0.0013558869113930708,-0.0009531902718517707,0.002466665370787756,0.0009940137709619804,-0.0013558869113930708,0.0009940137709619804,0.0014921190519599275
29000.0,1.2307819682370866,1.2242722166245446,0.20493070742222905,0.002807941624685394,-0.0009640393750804242,-0.001342141631505029,-0.0009640393750804242,0.002515767099000454,0.0010312060946601074,-0.001342141631505029,0.0010312060946601074,0.001490887016984434
29100.0,1.2785835077157066,1.2281330455443658,0.31974988409926786,0.002797785663901731,-0.0010217143973208981,-0.0013460596374763065,-0.0010217143973208981,0.002589848142262202,0.0010863479744415896,-0.0013460596374763065,0.0010863479744415896,0.0014879047725304992
29200.0,1.3459218487371987,1.2389424614426585,0.46439503411506644,0.0028089602520871048,-0.0011151168472056938,-0.0013654654650105235,-0.0011151168472056938,0.0026854509404603648,0.0011661649106830903,-0.0013654654650105235,0.0011661649106830903,0.001484196309017022
29300.0,1.3719656834370233,1.23240926630316,0.6239969810512302,0.002827267072138384,-0.0011127696082051464,-0.0013809538784829295,-0.0011127696082051464,0.002653825075829553,0.0011688270048116343,-0.0013809538784829295,0.0011688270048116343,0.0014967437493445927
29400.0,1.3924468027024552,1.2270394932530275,0.7803753617100786,0.0028294632096899103,-0.001121719411085007,-0.0013969394162727708,-0.001121719411085007,0.0026419843697554008,0.001177901215154575,-0.0013969394162727708,0.001177901215154575,0.0015176798887650447
29500.0,1.4262823630242387,1.222572679943989,0.9298924109585434,0.0028478240115022277,-0.0011427814807181498,-0.0013959814955385795,-0.0011427814807181498,0.002622875767437536,0.0011804192502223637,-0.0013959814955385795,0.0011804192502223637,0.0015092994486793107
29600.0,1.4745043227109795,1.22507234548701,1.0566750709797907,0.0028487572012940877,-0.0011573020830193243,-0.001416085669267722,-0.0011573020830193243,0.002627484457735242,0.0011799848267602484,-0.001416085669267722,0.0011799848267602484,0.0015023738100006323
29700.0,1.5068342177583824,1.2206817748417675,1.157424830811177,0.002807634849043376,-0.0011244525688411395,-0.001396791032806519,-0.0011244525688411395,0.00260700143941682,0.001163942849546667,-0.001396791032806519,0.001163942849546667,0.0014848892622917353
29800.0,1.553083979049969,1.2237619665359745,1.2328640484384183,0.0028485791208670112,-0.001156021822664505,-0.0014499948624185786,-0.001156021822664505,0.0026302010478420515,0.0011866008581368907,-0.0014499948624185786,0.0011866008581368907,0.0015070857062630114
29900.0,1.6060483008602568,1.2257955333399921,1.2711368467356743,0.002865065238037194,-0.0011527900279545023,-0.0014534092899415923,-0.0011527900279545023,0.0025712905632562103,0.0011570886249245387,-0.0014534092899415923,0.0011570886249245387,0.001491779961703724
30000.0,1.6574140853760317,1.2624190153149724,1.2777028911585155,0.0030088789155334862,-0.0012197416957272647,-0.0015352836482266947,-0.0012197416957272647,0.002582763024897901,0.0011749251597657497,-0.0015352836482266947,0.0011749251597657497,0.0014862378220432113
30100.0,1.7168840070945663,1.296069105021079,1.294957768268615,0.0032063174030551173,-0.0013299581044816746,-0.0016492796447659314,-0.0013299581044816746,0.0026611822935644963,0.0012286987053970438,-0.0016492796447659314,0.0012286987053970438,0.0015008009183580938
30200.0,1.7999614499386722,1.3920841045455294,1.3179801727538945,0.003772386695637412,-0.0015960890361152072,-0.0018836238221375406,-0.0015960890361152072,0.002752874242298601,0.0012908431425813053,-0.0018836238221375406,0.0012908431425813053,0.0014972121575314357
30300.0,1.851380297615307,1.4269016053486185,1.3551255128311714,0.004247520669597844,-0.0018099095066962877,-0.002060276040112669,-0.0018099095066962877,0.0028191329373026953,0.001330914387504165,-0.002060276040112669,0.001330914387504165,0.001496597313383637
30400.0,1.9017385599192465,1.429467176095188,1.4028853711119793,0.004582236678772215,-0.0019752656646306018,-0.0021895921150534127,-0.0019752656646306018,0.0028917201512035705,0.0013895617396754213,-0.0021895921150534127,0.0013895617396754213,0.0015072604341629708
30500.0,1.9316446332197514,1.3935301732756682,1.4860291453560905,0.004746629107898319,-0.002042669430192886,-0.002241927424939734,-0.002042669430192886,0.002898965348192858,0.001401867486409589,-0.002241927424939734,0.001401867486409589,0.0015078553494398646
30600.0,1.968250538955467,1.3357655834200006,1.6160941707174512,0.00475815230568647,-0.0020514692204650496,-0.0022430797364523863,-0.0020514692204650496,0.002906359582977889,0.0014020194328910542,-0.0022430797364523863,0.0014020194328910542,0.0015061200049397256
30700.0,2.015076769728421,1.29129783555589,1.787210180529523,0.004709381810818439,-0.002030028000115778,-0.002220795620381959,-0.002030028000115778,0.0029003472593529915,0.0013926433399411781,-0.002220795620381959,0.0013926433399411781,0.0014977406524262363
30800.0,2.0513689634368335,1.2571451419490756,1.9735931109525615,0.004645223275310176,-0.002005937092577588,-0.002194710443770123,-0.002005937092577588,0.0028994141692751892,0.0013804573891838458,-0.002194710443770123,0.0013804573891838458,0.0014840957067801608
30900.0,2.097445043074313,1.2312586991181607,2.1609802037311887,0.00460188657608977,-0.0020072205259176194,-0.002175594703517699,-0.0020072205259176194,0.002879380864972602,0.0013729055036905578,-0.002175594703517699,0.0013729055036905578,0.0014744998417125148
31000.0,2.150926547417401,1.2112136462581151,2.353389369968945,0.004570040381045569,-0.0019733539991374314,-0.0021526069980208067,-0.0019733539991374314,0.0028560785681020534,0.001352626074348751,-0.0021526069980208067,0.001352626074348751,0.0014591814703169433
31100.0,2.1916443569786983,1.1957347060338457,2.530090991850167,0.004575750307287397,-0.0019535251209721874,-0.00215705582567377,-0.0019535251209721874,0.0027984374678998425,0.0013446113217571005,-0.00215705582567377,0.0013446113217571005,0.0014619520092372222
31200.0,2.216785491994798,1.2010871398722671,2.67756888364821,0.004656553666965298,-0.001886229405036077,-0.002171624646985633,-0.001886229405036077,0.002703786674726533,0.001281946841870481,-0.002171624646985633,0.001281946841870481,0.0014484123429187865
31300.0,2.226536341212581,1.2142463866669333,2.7654655020585,0.004836522750086434,-0.0017887670953170196,-0.002239153898348945,-0.0017887670953170196,0.002530139377403786,0.0011893390027484972,-0.002239153898348945,0.0011893390027484972,0.0014652940239161859
31400.0,2.23409947086759,1.219166968635364,2.8365296817803913,0.004985721824575136,-0.0016744630590503312,-0.0023022059029578403,-0.0016744630590503312,0.0023823840155688027,0.0010902968974617624,-0.0023022059029578403,0.0010902968974617624,0.0014746001937592165
31500.0,2.259327546623681,1.218444210283033,2.881963548266395,0.005065953930918562,-0.0015509322410002086,-0.002345465964953385,-0.0015509322410002086,0.0022728683051361324,0.001005469979272317,-0.002345465964953385,0.001005469979272317,0.0014938328976194612
31600.0,2.2024211182747893,1.2373813803483156,2.9322942306153235,0.00521475962216991,-0.0011671026072009208,-0.0023926943035753974,-0.0011671026072009208,0.002012837615347082,0.0007417044804679692,-0.0023926943035753974,0.0007417044804679692,0.0014834951794075399
31700.0,2.2137714976897565,1.248488179989647,2.962458908569384,0.005218009480169652,-0.0009048147677296587,-0.0023952531568486863,-0.0009048147677296587,0.0018762256328362403,0.0005830037807400441,-0.0023952531568486863,0.0005830037807400441,0.0014764698012305901
31800.0,2.2693065685335965,1.260784530591366,2.995069247182321,0.005187157952065108,-0.0007299884204098962,-0.00237887536581316,-0.0007299884204098962,0.0018177547616089712,0.0004762646082225871,-0.00237887536581316,0.0004762646082225871,0.0014633289384849769
31900.0,2.2843723191078427,1.2882523503468284,3.0207928281395544,0.00516309977912678,-0.000464747318149532,-0.0023656640025210554,-0.000464747318149532,0.001749209913544363,0.0003208424267966961,-0.0023656640025210554,0.0003208424267966961,0.001451857735222991
32000.0,2.2688203643524436,1.3132102939737718,3.029689586472794,0.005184031018342619,-0.00012902333399714277,0.0012144184060441732,-0.00012902333399714277,0.0017017898358916825,0.0010500641138013371,0.0012144184060441732,0.0010500641138013371,0.11589738323446121
32100.0,2.363411264272217,1.3333827820302067,2.5435914718859043,0.005089317288692974,-0.00011854411369325961,0.06715635354222306,-0.00011854411369325961,0.0017093493209781045,-0.002730918436764822,0.06715635354222306,-0.002730918436764822,3.0964225996308987
32200.0,2.435191845595309,1.3630334700632707,-0.3746495212134653,0.005029525132405164,-0.00011110033563061731,0.14667016844442413,-0.00011110033563061731,0.0017156083485560436,-0.006625110971970964,0.14667016844442413,-0.006625110971970964,9.556827103597124
32300.0,2.4821139816627875,1.3997716803006175,-0.27631117578745457,0.004938615033606888,-6.855144436448515e-05,0.143723620424217,-6.855144436448515e-05,0.0017029659103132032,-0.00528397073128823,0.143723620424217,-0.00528397073128823,9.62437693191692
32400.0,2.5246881972982314,1.441426089361661,0.13342038472661386,0.00490612716078731,-6.348196453042539e-05,0.15189156627068337,-6.348196453042539e-05,0.0016982002074059708,-0.01591028498081507,0.15189156627068337,-0.01591028498081507,9.683226557127064
32500.0,2.5489603490908213,1.4871728837581073,1.2236478787407952,0.004875262167364043,-4.055713586534133e-05,0.13409129173298773,-4.055713586534133e-05,0.0017175533249164788,0.021144599446833185,0.13409129173298773,0.021144599446833185,8.16829029871337
32600.0,2.5442586515551957,1.5372554359934085,2.5706896596474844,0.004845923198665257,6.173692532739537e-05,0.06452938846404735,6.173692532739537e-05,0.001707280098699075,0.00017317536308395203,0.06452938846404735,0.00017317536308395203,2.9686374997118268
32700.0,2.5700303521470484,1.5748260742710614,2.7762726621020413,0.004787253359629761,8.311084416601275e-05,0.03924926466923757,8.311084416601275e-05,0.0016945834231063914,0.0032223046535978564,0.03924926466923757,0.0032223046535978564,1.7622943562762003
32800.0,2.5557137831851655,1.6048037209226518,2.89848303089319,0.004790181062685151,0.00013563924810190779,0.02302240514376156,0.00013563924810190779,0.0016711234112049063,-0.0024597780556137004,0.02302240514376156,-0.0024597780556137004,1.0482351517386972
32900.0,2.4257048374930488,1.6391879410852481,3.0344999109257063,0.004820995005818758,0.0005357558528635913,0.0014453252490752805,0.0005357558528635913,0.0017123025372005644,0.0012160014736152713,0.0014453252490752805,0.0012160014736152713,0.11575511537279243
33000.0,2.333684733891226,1.6690442946041482,3.0325743527015385,0.004833011629671059,0.000863225870036002,0.0014740396916518965,0.000863225870036002,0.0018174565509783084,0.0013083795882390375,0.0014740396916518965,0.0013083795882390375,0.11573936409633588
33100.0,2.2266502065127365,1.697540916072294,3.0319066465711906,0.004876959344270634,0.0012663802768851915,0.0014924494025643452,0.0012663802768851915,0.0020333752323816174,0.0014209005567478172,0.0014924494025643452,0.0014209005567478172,0.11572718817613221
33200.0,2.2146872927805834,1.7149897379443986,3.0353465939312487,0.004840238484065027,0.001444684337200673,-0.0021394426170079778,0.001444684337200673,0.0021645111244992417,-0.0008283816285189236,-0.0021394426170079778,-0.0008283816285189236,0.001277980118792374
33300.0,2.2110529617418924,1.7277827949947817,3.040182200968669,0.004791541864582266,0.001550148751935451,-0.002106683896805192,0.001550148751935451,0.0022430591972049064,-0.0008898468694822774,-0.002106683896805192,-0.0008898468694822774,0.0012576168770697116
33400.0,2.117205868984778,1.7480845548575343,2.975192810166546,0.004803054312772737,0.001866363848077116,0.011527501900451178,0.001866363848077116,0.002548445130259974,0.005483195991253039,0.011527501900451178,0.005483195991253039,0.49376867167494587
33500.0,2.1363335192497708,1.7544302230244062,2.6429441091695836,0.004724866407063914,0.0019138038374588641,0.056160983240020015,0.0019138038374588641,0.002617730219784937,0.026537614009192377,0.056160983240020015,0.026537614009192377,2.5450183600484486
33600.0,2.161972812203097,1.7561142739482232,1.0456751891953666,0.004670380039396028,0.001886738928380219,0.1387885829042575,0.001886738928380219,0.002620821332252758,0.09616415455231522,0.1387885829042575,0.09616415455231522,8.588786313288354
33700.0,2.138795730628823,1.7572863991652121,0.9817995837594566,0.0046809684902034,0.0019345955421413246,0.14084955947362077,0.0019345955421413246,0.0026827586908262134,0.0996375486222415,0.14084955947362077,0.0996375486222415,8.716620406373886
33800.0,2.10522798634822,1.7585522812999637,1.200240958349505,0.004697691576863336,0.0020339770932136223,0.1294779638018567,0.0020339770932136223,0.002798698209670495,0.10085476651783407,0.1294779638018567,0.10085476651783407,8.236647539135644
33900.0,2.0611277446573135,1.759818141357515,2.475105521437324,0.004679687734880631,0.0021405395335727757,0.07392467657289958,0.0021405395335727757,0.002902840611053208,0.0422005087860374,0.07392467657289958,0.0422005087860374,3.480006614226681
34000.0,2.0417959011971827,1.7605270606071701,2.9087141995866546,0.004673475932346532,0.002190504323295829,0.021328785018181473,0.002190504323295829,0.0029720667247328273,0.010490278514434489,0.021328785018181473,0.010490278514434489,0.9756522311168845
34100.0,2.030395856301506,1.7589256064817105,3.0379155833962646,0.004612976891165699,0.0021744289124194364,-0.0019720412953558517,0.0021744289124194364,0.002969475205681538,-0.00128579588453514,-0.0019720412953558517,-0.00128579588453514,0.0011661549960586795
34200.0,1.9652597956582427,1.7613353878009552,2.993691865085623,0.0046061681593093555,0.002244855858167502,-0.001962302475469214,0.002244855858167502,0.003077824705941446,-0.0013281989357099729,-0.001962302475469214,-0.0013281989357099729,0.0011576350410344013
34300.0,1.8128810792056054,1.7825034537011837,2.9458868112617713,0.004657085139127282,0.002601151402476796,-0.0019626743200856825,0.002601151402476796,0.0035488471512749174,-0.001519503673087514,-0.0019626743200856825,-0.001519503673087514,0.001141809703439058
34400.0,1.718887062384639,1.7992209246194792,2.9551979355738114,0.004723599962866751,0.0028950497794952654,-0.0019733589489485033,0.0028950497794952654,0.003962370018489594,-0.0016689169300434035,-0.0019733589489485033,-0.0016689169300434035,0.0011323697821243827
34500.0,1.637695077107605,1.8101618825750385,2.9886586038158174,0.004794066233294993,0.003150801999175614,-0.001984807151669754,0.003150801999175614,0.0043635325645892805,-0.001789151872779692,-0.001984807151669754,-0.001789151872779692,0.0011192516868848326
34600.0,1.5988606166331372,1.812775587608352,3.0067280592392254,0.004829984955631714,0.0033483886596674408,-0.0019955488704795975,0.0033483886596674408,0.004713448125261936,-0.0018922195344637297,-0.0019955488704795975,-0.0018922195344637297,0.001117224617142811
34700.0,1.5077221595132326,1.8208079193643911,3.046839310020453,0.004906767097030468,0.0037116612142189757,-0.002022340415020138,0.0037116612142189757,0.0052893700834593564,-0.002056646458949974,-0.002022340415020138,-0.002056646458949974,0.0011158147082320669
34800.0,1.4434499354597943,1.82077691640399,2.5485077555094438,0.004904552937394698,0.003926139013989341,0.06544373645370338,0.003926139013989341,0.005763741671327896,0.06286461512906043,0.06544373645370338,0.06286461512906043,3.070666693991522
34900.0,1.4323653709630815,1.8142861426663521,0.5857739430592589,0.004857922101593225,0.004017836416738678,0.15387317140020992,0.004017836416738678,0.0059996229368153,0.1891861506301357,0.15387317140020992,0.1891861506301357,9.356116790198607
35000.0,1.4650347264715797,1.8049263587162925,-1.1398745400052857,0.004834863104348579,0.003973677794872741,0.12563258421775875,0.003973677794872741,0.005938805338799717,0.14989828960125443,0.12563258421775875,0.14989828960125443,8.391583398536984
35100.0,1.4702882692205805,1.7960431347627357,-1.2019087303155476,0.0047985827517581445,0.003926994728595482,0.12323169372506541,0.003926994728595482,0.005890667599723241,0.14699684022552106,0.12323169372506541,0.14699684022552106,8.243809176921722
35200.0,1.4719448733165117,1.7873679249934553,-0.9894054491186146,0.0047504502021325805,0.003879873634991138,0.1369090159157371,0.003879873634991138,0.005833817429641685,0.1435952983537905,0.1369090159157371,0.1435952983537905,8.710603293782182
35300.0,1.4531970028287735,1.7782085728110641,-0.5720278471629501,0.004735021968694069,0.003859535190198115,0.1511094977597298,0.003859535190198115,0.005789825457908504,0.1478536036621493,0.1511094977597298,0.1478536036621493,9.379229168471308
35400.0,1.38955859835169,1.7690434035595737,0.2015352653832294,0.004743531020148816,0.003939142242475241,0.15461388519321342,0.003939142242475241,0.005930459228553024,0.19394336748389457,0.15461388519321342,0.19394336748389457,9.66654047160159
35500.0,1.2657719057231678,1.7630089219538232,2.9551702296221984,0.00468515965838258,0.0041341884899454935,0.014907634565472982,0.0041341884899454935,0.006460211179327263,0.016042218146893883,0.014907634565472982,0.016042218146893883,0.6822513301871537
35600.0,1.1402815555556431,1.7669830263224124,3.035631788616983,0.004666974150522932,0.004403890973974511,-0.0018901794662704388,0.004403890973974511,0.007142321519352004,-0.002434925973862048,-0.0018901794662704388,-0.002434925973862048,0.001028258981547057
35700.0,1.032641639013699,1.777058337844734,3.023383104916389,0.0047046002527666225,0.00472042494077632,-0.0018949950562353616,0.00472042494077632,0.007930933054868361,-0.0025800325717559363,-0.0018949950562353616,-0.0025800325717559363,0.0010192113429503956
35800.0,0.9209081084233113,1.7900768301414745,3.0180943223921908,0.0047207830062688805,0.005031487533806295,-0.0018812555464778264,0.005031487533806295,0.00881573336380911,-0.0027195195706875563,-0.0018812555464778264,-0.0027195195706875563,0.0009991026753068861
35900.0,0.8509674427087459,1.799411029962429,3.023639774354021,0.004676652293757465,0.005223861388940091,-0.0018473980661921157,0.005223861388940091,0.009502273991556018,-0.0028098498795171693,-0.0018473980661921157,-0.0028098498795171693,0.0009760796931508205
36000.0,0.8738030861290775,1.7979026663542643,2.980429721355447,0.004654580821007919,0.005274652156881767,0.011848144690560468,0.005274652156881767,0.00974108210622372,0.016365546377545854,0.011848144690560468,0.016365546377545854,0.532917483474058
36100.0,0.8582680934279133,1.7957936434854298,0.1834894888012511,0.0045115790494200825,0.005168724721439236,0.15334328610861103,0.005168724721439236,0.00982197573760252,0.2592351545711965,0.15334328610861103,0.2592351545711965,9.682641654144623
36200.0,0.8211558259656766,1.7892373297608752,-2.9499679258440477,0.004414166343541956,0.005114271607924106,0.01352639028945196,0.005114271607924106,0.009910679524217574,0.024745552670592943,0.01352639028945196,0.024745552670592943,0.8324195119233216
36300.0,0.860472337361557,1.7832044789734933,-3.025446140961215,0.004361559434790798,0.00501676830930976,0.0006395711308542784,0.00501676830930976,0.009755996444962849,0.0009566101929707402,0.0006395711308542784,0.0009566101929707402,0.07706766205000426
36400.0,0.8708476784141304,1.7757874621537937,-3.0251968079801737,0.004333155133152007,0.004924515547959798,-0.0016384346289129758,0.004924515547959798,0.009474544376751578,-0.0026310041685767716,-0.0016384346289129758,-0.0026310041685767716,0.0008552845459523406
36500.0,0.8591484178740931,1.76741746530461,-3.051098993083959,0.00430183889413074,0.0048413425745366355,-0.000199962329343449,0.0048413425745366355,0.009287299281397344,-0.00041092610259071456,-0.000199962329343449,-0.00041092610259071456,0.038992579388962806
36600.0,0.7381028572636499,1.75188997968777,-2.9236027270990084,0.0042005968482229355,0.004929344632223946,0.015891176842430053,0.004929344632223946,0.009887307570114627,0.025977489549755605,0.015891176842430053,0.025977489549755605,1.0187690020383702
36700.0,0.6884126974198327,1.7464082889337667,-0.10810391784171952,0.004126054344560664,0.0049460062283169775,0.14448047101318956,0.0049460062283169775,0.010155322526820514,0.26777366648101036,0.14448047101318956,0.26777366648101036,9.714096302291711
36800.0,0.6249577776573126,1.7438902449548936,0.4834765228451442,0.004031403564073323,0.004890184985868395,0.11828498643493333,0.004890184985868395,0.010301837472530887,0.26090276949602725,0.11828498643493333,0.26090276949602725,9.488920125282712
36900.0,0.547472477276812,1.7433036150445431,-0.1559388008697965,0.0039906662348306405,0.004971473917366529,0.14123965112427211,0.004971473917366529,0.010776197564761407,0.27691927163083135,0.14123965112427211,0.27691927163083135,9.703499610898696
37000.0,0.5089489087042547,1.7413281780019092,-0.178911034590841,0.003966292539684719,0.005027379767418024,0.1405242145356928,0.005027379767418024,0.01107631257585493,0.2807955594821153,0.1405242145356928,0.2807955594821153,9.695740019290277
37100.0,0.46527733241458735,1.740051312658144,-1.0025618802290928,0.0038979649219558414,0.005091394120915631,0.12965972681446725,0.005091394120915631,0.01151604066998402,0.22513328601119054,0.12965972681446725,0.22513328601119054,8.709128675647303
37200.0,0.4150016065352641,1.7384481082724623,-1.6009779010136134,0.003830115318576482,0.005075292241642621,0.10478487652005927,0.005075292241642621,0.011760526452906341,0.19292074932186873,0.10478487652005927,0.19292074932186873,7.120501856855526
37300.0,0.3670531865801499,1.7368091862252335,-2.721919866811562,0.003776603083055745,0.005086343487540388,0.02463673564682512,0.005086343487540388,0.012061731302376819,0.05491249989579802,0.02463673564682512,0.05491249989579802,2.2271725766588397
37400.0,0.34597091879426634,1.7350762658826988,-2.7773117644646286,0.0037287474972037557,0.005070158632776496,0.02188125110349605,0.005070158632776496,0.012219094835566328,0.045531929870137246,0.02188125110349605,0.045531929870137246,1.9163423313857932
37500.0,0.3122710878373569,1.7334102624656533,-2.794047241342379,0.003683676806638683,0.005055401720254462,0.021133903171979863,0.005055401720254462,0.012377982596467859,0.04492789728808549,0.021133903171979863,0.04492789728808549,1.811169810591421
37600.0,0.2537410779927419,1.730318601172999,-2.7589701851166666,0.0036253632147238393,0.0050654174324358345,0.022368338066369346,0.0050654174324358345,0.012608627793664041,0.051725852061047066,0.022368338066369346,0.051725852061047066,2.0210187437667284
37700.0,0.2172210970649131,1.7283037877305774,-1.7248636332553724,0.0035721347915629066,0.005039812963296576,0.09628830984154015,0.005039812963296576,0.012783655386566346,0.19291910101372867,0.09628830984154015,0.19291910101372867,6.70343756399932
37800.0,0.17180442376894733,1.7268764920552693,-1.7551375010894672,0.003519810499200596,0.005014506330787342,0.09423847017655716,0.005014506330787342,0.01296689281044123,0.19201056160780045,0.09423847017655716,0.19201056160780045,6.594178803163381
37900.0,0.11229074736894315,1.7247695487860168,-2.166589902318563,0.003465340508847963,0.0049809695257309805,0.06831527631167403,0.0049809695257309805,0.013131904663413666,0.15772611189192406,0.06831527631167403,0.15772611189192406,4.966055488987559
38000.0,0.07509029230870551,1.7233552075788623,-2.7783037711332454,0.0034075373245144513,0.00494910512348265,0.019321950319050395,0.00494910512348265,0.013338270808782055,0.051204248143592104,0.019321950319050395,0.051204248143592104,1.9176669963383663
38100.0,0.06652206289684036,1.7224906066127885,-2.1987560680958467,0.003353920904294983,0.0048579290028954916,0.06448140380488458,0.0048579290028954916,0.013233845511046368,0.1545254191199193,0.06448140380488458,0.1545254191199193,4.8288660712972895
38200.0,0.05212487563918674,1.7207749614176384,-2.979483949621385,0.0033059934759762156,0.004787655438554084,0.009708883113652698,0.004787655438554084,0.013190519415030667,0.02183652495739162,0.009708883113652698,0.02183652495739162,0.6863256066953364
