12700.0,0.005102276878778416,0.0010579114740473699,-0.015620373455298204,0.00984936445616981,-0.00020939164708765355,0.0003300958392514033,-0.00020939164708765355,0.009366666742031604,1.3865202786001636e-05,0.0003300958392514033,1.3865202786001636e-05,0.003741575345290025
12800.0,0.005102276878778416,0.0010579114740473699,-0.044620373455298123,0.00984936445616981,-0.00020939164708765355,0.0003300958392514033,-0.00020939164708765355,0.009366666742031604,1.3865202786001663e-05,0.0003300958392514033,1.3865202786001663e-05,0.003741575345290025
12900.0,0.005102276878778416,0.0010579114740473699,-0.07962037345529827,0.00984936445616981,-0.00020939164708765355,0.0003300958392514033,-0.00020939164708765355,0.009366666742031604,1.3865202786001663e-05,0.0003300958392514033,1.3865202786001663e-05,0.003741575345290025
13000.0,0.0349513944038532,-0.0013237607145055049,-0.10562037345529807,0.009851474173068288,-0.0001993869683815685,0.0003388894301185654,-0.0001993869683815685,0.009370863539574682,0.00012556062445272714,0.0003388894301185654,0.00012556062445272714,0.0037415753452900258
13100.0,0.08457991538928511,-0.006585188796660684,-0.1246203734552982,0.009856027671009767,-0.00018119907272852353,0.00035838005108882,-0.00018119907272852353,0.009392615537109709,0.0003112757296808129,0.00035838005108882,0.0003112757296808129,0.0037415753452900258
13200.0,0.16381127888991778,-0.016510570539112073,-0.1376203734552981,0.00986498589642602,-0.0001472464790862444,0.00039520481543898155,-0.0001472464790862444,0.009465570403139865,0.0006077737859083521,0.00039520481543898155,0.0006077737859083521,0.0037415753452900258
13300.0,0.2626808316603757,-0.03020372275583058,-0.14462037345529824,0.009878462284523677,-9.544247405949715e-05,0.0004460498390209406,-9.544247405949715e-05,0.009622530467775054,0.0009777666534608097,0.0004460498390209406,0.0009777666534608097,0.003741575345290026
13400.0,0.331820727095881,-0.04027315132308694,-0.1406203734552982,0.009889263525279352,-5.2646492952250624e-05,0.00048345343378488026,-5.2646492952250624e-05,0.009775778864457673,0.0012365061768148538,0.00048345343378488026,0.0012365061768148538,0.0037415753452900258
13500.0,0.39111754417354483,-0.04866697060967395,-0.1266203734552983,0.009898925199139859,-1.2180370535693659e-05,0.0005146262968152073,-1.2180370535693659e-05,0.00993571407068829,0.0014584093774611664,0.0005146262968152073,0.0014584093774611664,0.003741575345290014
13600.0,0.44062464060336204,-0.0549693609303327,-0.10762037345529817,0.009906664803018606,2.3279900525927162e-05,0.0005380123508263208,2.3279900525927162e-05,0.010089397444797013,0.0016436742610561807,0.0005380123508263208,0.0016436742610561807,0.003741575345290014
13700.0,0.5497840181377648,-0.06676284490755718,-0.08662037345529826,0.009922416837104485,0.00010534415510314073,0.0005817087771204167,0.00010534415510314073,0.010493054943168264,0.002052160916736681,0.0005817087771204167,0.002052160916736681,0.003741575345290014
13800.0,0.5497840181377648,-0.06676284490755718,-0.06462037345529846,0.009922416837104485,0.00010534415510314073,0.0005817087771204167,0.00010534415510314073,0.010493054943168264,0.002052160916736681,0.0005817087771204167,0.002052160916736681,0.003741575345290014
13900.0,0.5597445125729208,-0.06740740633506355,-0.04962037345529833,0.009923407972288,0.0001124097885913985,0.0005840811881569852,0.0001124097885913985,0.010534322173254862,0.002089432501764702,0.0005840811881569852,0.002089432501764702,0.003741575345290014
14000.0,0.5597445125729208,-0.06740740633506355,-0.030620373455298205,0.009923407972288,0.0001124097885913985,0.0005840811881569851,0.0001124097885913985,0.010534322173254862,0.0020894325017647014,0.0005840811881569851,0.0020894325017647014,0.003741575345290014
14100.0,0.5597445125729208,-0.06740740633506355,-0.02362037345529809,0.009923407972288,0.0001124097885913985,0.0005840811881569851,0.0001124097885913985,0.010534322173254862,0.0020894325017647014,0.0005840811881569851,0.0020894325017647014,0.003741575345290014
14200.0,0.5597445125729208,-0.06740740633506355,-0.0266203734552982,0.009923407972288,0.0001124097885913985,0.0005840811881569851,0.0001124097885913985,0.010534322173254862,0.0020894325017647014,0.0005840811881569851,0.0020894325017647014,0.003741575345290014
14300.0,0.5597445125729208,-0.06740740633506355,-0.02362037345529809,0.009923407972288,0.0001124097885913985,0.0005840811881569851,0.0001124097885913985,0.010534322173254862,0.0020894325017647014,0.0005840811881569851,0.0020894325017647014,0.003741575345290014
14400.0,0.5597445125729208,-0.06740740633506355,-0.029620373455297888,0.009923407972288,0.0001124097885913985,0.0005840811881569848,0.0001124097885913985,0.010534322173254862,0.0020894325017647,0.0005840811881569848,0.0020894325017647,0.0037415753452900097
14500.0,0.5597445125729208,-0.06740740633506355,-0.04262037345529779,0.009923407972288,0.0001124097885913985,0.0005840811881569848,0.0001124097885913985,0.010534322173254862,0.0020894325017647,0.0005840811881569848,0.0020894325017647,0.0037415753452900097
14600.0,0.6096058290742883,-0.06953386757750553,-0.06462037345529759,0.009927127625558927,0.00014599821692006266,0.0005918408292003639,0.00014599821692006266,0.010752048631901495,0.002276006274269205,0.0005918408292003639,0.002276006274269205,0.0037415753452900097
14700.0,0.6594083012500692,-0.07275667471503726,-0.08162037345529749,0.009932231836166268,0.00018301019015933763,0.0006037028843832058,0.00018301019015933763,0.01098810889994746,0.002462364199409308,0.0006037028843832058,0.002462364199409308,0.0037415753452900097
14800.0,0.7091487920594992,-0.07682561741580626,-0.0896203734552975,0.009938488418057358,0.00022339411528473767,0.0006187311576738592,0.00022339411528473767,0.011242418111042346,0.002648493551252552,0.0006187311576738592,0.002648493551252552,0.00374157534529001
14900.0,0.7389726008161928,-0.07950565672216475,-0.08862037345529761,0.009942616000750807,0.0002489838081735622,0.0006286412444659984,0.0002489838081735622,0.01140378330699186,0.002760095453751652,0.0006286412444659984,0.002760095453751652,0.0037415753452900097
15000.0,0.7886833906222761,-0.08392268032641956,-0.08362037345529771,0.009949574899525937,0.00029280164709029436,0.000644972044387994,0.00029280164709029436,0.01168754561632773,0.0029461150483904765,0.000644972044387994,0.0029461150483904765,0.0037415753452900097
15100.0,0.8384156440707815,-0.0880910958046041,-0.0676203734552977,0.009956381940987366,0.00033747899982090597,0.0006603725460776251,0.00033747899982090597,0.01198993518573602,0.0031322139714485982,0.0006603725460776251,0.0031322139714485982,0.0037415753452900097
15200.0,0.8782497077971129,-0.09078885566646555,-0.044620373455297575,0.009961088661062363,0.0003722726378068883,0.0006703094058699799,0.0003722726378068883,0.012245481845980975,0.0032812711717829174,0.0006703094058699799,0.0032812711717829174,0.0037415753452900097
15300.0,0.9081638861125837,-0.09212456340009068,-0.009620373455297428,0.009963737913259087,0.00039658874146802675,0.0006751890695621879,0.00039658874146802675,0.01244518601703048,0.003393205899834124,0.0006751890695621879,0.003393205899834124,0.0037415753452900097
15400.0,0.9181447521052863,-0.092220599134674,0.022379626544702602,0.009964154357872564,0.00040357216076558345,0.0006755089894086604,0.00040357216076558345,0.012513301314733065,0.003430551542631099,0.0006755089894086604,0.003430551542631099,0.0037415753452900097
15500.0,0.9181447521052863,-0.092220599134674,0.06337962654470253,0.009964154357872564,0.00040357216076558345,0.0006755089894086604,0.00040357216076558345,0.012513301314733065,0.003430551542631099,0.0006755089894086604,0.003430551542631099,0.0037415753452900097
15600.0,0.9181447521052863,-0.092220599134674,0.10037962654470245,0.009964154357872564,0.00040357216076558345,0.0006755089894086604,0.00040357216076558345,0.012513301314733065,0.003430551542631099,0.0006755089894086604,0.003430551542631099,0.0037415753452900097
15700.0,0.9280758373613841,-0.09122037192912238,0.1353796265447026,0.009963092801717931,0.0004067426991750557,0.0006717272344809955,0.0004067426991750557,0.012581797676830911,0.0034677065922784126,0.0006717272344809955,0.0034677065922784126,0.0037415753452900093
15800.0,0.9280758373613841,-0.09122037192912238,0.17537962654470263,0.009963092801717931,0.0004067426991750557,0.0006717272344809954,0.0004067426991750557,0.012581797676830911,0.0034677065922784126,0.0006717272344809954,0.0034677065922784126,0.0037415753452900097
15900.0,0.9280758373613841,-0.09122037192912238,0.21937962654470267,0.009963092801717931,0.0004067426991750557,0.0006717272344809954,0.0004067426991750557,0.012581797676830911,0.0034677065922784126,0.0006717272344809954,0.0034677065922784126,0.0037415753452900097
16000.0,0.9280758373613841,-0.09122037192912238,0.2673796265447027,0.009963092801717931,0.0004067426991750557,0.0006717272344809954,0.0004067426991750557,0.012581797676830911,0.0034677065922784126,0.0006717272344809954,0.0034677065922784126,0.0037415753452900097
16100.0,1.0339690993634232,-0.062212217375846084,0.31037962654470286,0.009930416478861422,0.0003652872173281411,0.0005627696517239828,0.0003652872173281411,0.013357714845579922,0.00386381133940935,0.0005627696517239828,0.00386381133940935,0.0037415753452900097
16200.0,1.0624823027658195,-0.05306675887596564,0.3643796265447027,0.009921310474359967,0.0003449108825805362,0.0005284376182457135,0.0003449108825805362,0.013580950661311125,0.003970462668228516,0.0005284376182457135,0.003970462668228516,0.003741575345290012
16300.0,1.1091123468863835,-0.035281604786686134,0.44737962654470287,0.009905156425361416,0.0002956966485235426,0.0004617070136744966,0.0002956966485235426,0.013959080247904048,0.00414486740161968,0.0004617070136744966,0.00414486740161968,0.0037415753452900023
16400.0,1.1361093742665442,-0.022327736944443025,0.5553796265447029,0.009894682000572811,0.00025312619998177745,0.00041313109699602695,0.00025312619998177745,0.014185388218150102,0.004245830636415782,0.00041313109699602695,0.004245830636415782,0.0037415753452900023
16500.0,1.178515097721484,0.0039862771721511335,0.6903796265447029,0.009876905965684817,0.00015479203912530424,0.000314504861209906,0.00015479203912530424,0.014551759998995393,0.004404395608053118,0.000314504861209906,0.004404395608053118,0.00374157534529002
16600.0,1.2477759953825815,0.06119386119851979,0.840379626544703,0.009855489656069714,-8.98758173046391e-05,0.0001001785422864456,-8.98758173046391e-05,0.015178817528960832,0.004663322198366945,0.0001001785422864456,0.004663322198366945,0.0037415753452900396
16700.0,1.307710173301536,0.12810928492230858,0.9893796265447029,0.009860921411210002,-0.00041028477449537454,-0.00015043462920981946,-0.00041028477449537454,0.015750087785944604,0.00488731279733798,-0.00015043462920981946,0.00488731279733798,0.003741575345290039
16800.0,1.307710173301536,0.12810928492230858,1.1473796265447027,0.009860921411210002,-0.00041028477449537454,-0.0001504346292098212,-0.00041028477449537454,0.015750087785944604,0.004887312797337993,-0.0001504346292098212,0.004887312797337993,0.0037415753452900596
16900.0,1.307710173301536,0.12810928492230858,1.2953796265447022,0.009860921411210002,-0.00041028477449537454,-0.0001504346292098213,-0.00041028477449537454,0.015750087785944604,0.004887312797337992,-0.0001504346292098213,0.004887312797337992,0.003741575345290059
17000.0,1.307710173301536,0.12810928492230858,1.408379626544702,0.009860921411210002,-0.00041028477449537454,-0.00015043462920982142,-0.00041028477449537454,0.015750087785944604,0.004887312797337992,-0.00015043462920982142,0.004887312797337992,0.003741575345290058
17100.0,1.307710173301536,0.12810928492230858,1.4863796265447022,0.009860921411210002,-0.00041028477449537454,-0.00015043462920982136,-0.00041028477449537454,0.015750087785944604,0.004887312797337992,-0.00015043462920982136,0.004887312797337992,0.003741575345290058
17200.0,1.307710173301536,0.12810928492230858,1.5483796265447025,0.009860921411210002,-0.00041028477449537454,-0.00015043462920982136,-0.00041028477449537454,0.015750087785944604,0.004887312797337992,-0.00015043462920982136,0.004887312797337992,0.003741575345290058
17300.0,1.307710173301536,0.12810928492230858,1.592379626544703,0.009860921411210002,-0.00041028477449537454,-0.00015043462920982136,-0.00041028477449537454,0.015750087785944604,0.004887312797337992,-0.00015043462920982136,0.004887312797337992,0.003741575345290058
17400.0,1.307710173301536,0.12810928492230858,1.6283796265447026,0.009860921411210002,-0.00041028477449537454,-0.00015043462920982142,-0.00041028477449537454,0.015750087785944604,0.004887312797337992,-0.00015043462920982142,0.004887312797337992,0.003741575345290058
17500.0,1.307710173301536,0.12810928492230858,1.6733796265447023,0.009860921411210002,-0.00041028477449537454,-0.00015043462920982136,-0.00041028477449537454,0.015750087785944604,0.004887312797337992,-0.00015043462920982136,0.004887312797337992,0.003741575345290058
17600.0,1.3036217347988288,0.16782471280411887,1.7253796265447021,0.009878601662880572,-0.0006024273180681342,-0.00029902113195531105,-0.0006024273180681342,0.015709502364643704,0.0048718583042727534,-0.00029902113195531105,0.0048718583042727534,0.003741575345290058
17700.0,1.291327367124529,0.246723196239429,1.7853796265447026,0.009948583048874145,-0.0009779911190576263,-0.0005941859070337387,-0.0009779911190576263,0.015588982718262819,0.004825545064599237,-0.0005941859070337387,0.004825545064599237,0.003741575345290058
17800.0,1.284951124516061,0.27598042969779635,1.8943796265447026,0.009986303850881319,-0.0011141122394403514,-0.0007036320984522161,-0.0011141122394403514,0.015527139647885563,0.004801571628349152,-0.0007036320984522161,0.004801571628349152,0.003741575345290058
17900.0,1.284951124516061,0.27598042969779635,2.049379626544702,0.009986303850881319,-0.0011141122394403514,-0.0007036320984522153,-0.0011141122394403514,0.015527139647885563,0.004801571628349133,-0.0007036320984522153,0.004801571628349133,0.0037415753452900266
18000.0,1.284951124516061,0.27598042969779635,2.2593796265447024,0.009986303850881319,-0.0011141122394403514,-0.0007036320984522153,-0.0011141122394403514,0.015527139647885563,0.004801571628349133,-0.0007036320984522153,0.004801571628349133,0.0037415753452900266
18100.0,1.2151829197967006,0.36075810115825047,2.4843796265447025,0.010129880453924624,-0.0014479482735177654,-0.0010205679759101114,-0.0014479482735177654,0.014874107968759057,0.004540186136938645,-0.0010205679759101114,0.004540186136938645,0.003741575345290058
18200.0,1.1756719776645395,0.391246757614286,2.6803796265447017,0.010194135861585922,-0.001540750348420827,-0.001134490912074686,-0.001540750348420827,0.014520748730694926,0.004392228206325489,-0.001134490912074686,0.004392228206325489,0.003741575345290058
18300.0,1.1756719776645395,0.391246757614286,2.821379626544702,0.010194135861585922,-0.001540750348420827,-0.0011344909120746861,-0.001540750348420827,0.014520748730694926,0.004392228206325489,-0.0011344909120746861,0.004392228206325489,0.003741575345290058
18400.0,1.1756719776645395,0.391246757614286,2.9173796265447023,0.010194135861585922,-0.001540750348420827,-0.0011344909120746861,-0.001540750348420827,0.014520748730694926,0.004392228206325489,-0.0011344909120746861,0.004392228206325489,0.003741575345290058
18500.0,1.1756719776645395,0.391246757614286,2.9499637000088046,0.010194135861585922,-0.001540750348420827,0.0033129667713359544,-0.001540750348420827,0.014520748730694926,-0.0003169621723831741,0.0033129667713359544,-0.0003169621723831741,0.18952731133794115
18600.0,1.1756719776645395,0.391246757614286,2.9194150322441876,0.010194135861585922,-0.001540750348420827,0.007414754292217347,-0.001540750348420827,0.014520748730694926,-0.011328077525463838,0.007414754292217347,-0.011328077525463838,0.521826630621593
18700.0,1.1756719776645395,0.391246757614286,2.8949991057082896,0.010194135861585922,-0.001540750348420827,0.011547616365176504,-0.001540750348420827,0.014520748730694926,-0.015501913822605781,0.011547616365176504,-0.015501913822605781,0.7047849227835935
18800.0,1.1558706366239817,0.3937794495225021,2.9433973293944447,0.010199192038757998,-0.0015290575285711048,0.003998698340135332,-0.0015290575285711048,0.014348225504745028,-0.0027142929945664428,0.003998698340135332,-0.0027142929945664428,0.26365872509221844
18900.0,1.1460077618655427,0.3953126195476321,2.9472468853159834,0.010202354260319043,-0.0015242530748003779,0.0023534337628457838,-0.0015242530748003779,0.01426338487092053,0.0006685749211324804,0.0023534337628457838,0.0006685749211324804,0.15244212213932762
19000.0,1.0082650026155826,0.4188457112319457,2.953379626544702,0.010253699614657552,-0.0014533814904384747,-0.0012370964110269274,-0.0014533814904384747,0.013154600635512425,0.0037657349302979196,-0.0012370964110269274,0.0037657349302979196,0.003741575345290058
19100.0,0.9004093775094577,0.43938883906064574,2.955379626544702,0.010302483977074272,-0.0013881669568523555,-0.0013135364032652223,-0.0013881669568523555,0.012385535186227722,0.003362091952994304,-0.0013135364032652223,0.003362091952994304,0.003741575345290058
19200.0,0.8611742881919255,0.44678061201921065,2.9495300706231626,0.010320826597568718,-0.0013600999633723077,9.361578192770704e-05,-0.0013600999633723077,0.012127374334522137,0.0022409412909016233,9.361578192770704e-05,0.0022409412909016233,0.11534649495015128
19300.0,0.7923505255951069,0.45882254851299875,2.944397329394445,0.010351465069626144,-0.0013029424028543606,0.004040197644937325,-0.0013029424028543606,0.011702373501468492,-0.001362394812971952,0.004040197644937325,-0.001362394812971952,0.26365872509221844
19400.0,0.723299704617707,0.4694856932110117,2.8590168085580325,0.010379296160699615,-0.0012356034748719597,0.012291809633697222,-0.0012356034748719597,0.011311620589236957,-0.012691453731685698,0.012291809633697222,-0.012691453731685698,0.9581075660622941
19500.0,0.6241948610168703,0.4813567023304708,2.4079283545980257,0.010410688660165196,-0.0011214633881419325,0.029567770266906157,-0.0011214633881419325,0.010813199592469548,-0.037299898382750794,0.029567770266906157,-0.037299898382750794,3.545380068862595
19600.0,0.5943471602403614,0.4837560642863743,1.5914151528216018,0.010416891282054098,-0.0010827906168682639,0.05076806581965389,-0.0010827906168682639,0.010677502837097438,-0.07247193653030412,0.05076806581965389,-0.07247193653030412,6.969299421747741
19700.0,0.5943471602403614,0.4837560642863743,1.036645289868259,0.010416891282054098,-0.0010827906168682639,0.055764490475475936,-0.0010827906168682639,0.010677502837097438,-0.09368878125123112,0.055764490475475936,-0.09368878125123112,8.473504418265346
19800.0,0.5943471602403614,0.4837560642863743,0.7304860245092797,0.010416891282054098,-0.0010827906168682639,0.055621376694779144,-0.0010827906168682639,0.010677502837097438,-0.09873382922711257,0.055621376694779144,-0.09873382922711257,9.029479822412313
19900.0,0.5943471602403614,0.4837560642863743,0.9632470661821045,0.010416891282054098,-0.0010827906168682639,0.05683603839412357,-0.0010827906168682639,0.010677502837097438,-0.09313033436066989,0.05683603839412357,-0.09313033436066989,8.624438420289605
20000.0,0.5943471602403614,0.4837560642863743,0.9632470661821045,0.010416891282054098,-0.0010827906168682639,0.05683603839412357,-0.0010827906168682639,0.010677502837097438,-0.09313033436066989,0.05683603839412357,-0.09313033436066989,8.624438420289605
20100.0,0.5943471602403614,0.4837560642863743,1.3229549993057002,0.010416891282054098,-0.0010827906168682639,0.050843862103042425,-0.0010827906168682639,0.010677502837097438,-0.08156019493931445,0.050843862103042425,-0.08156019493931445,7.7756893509418825
20200.0,0.5943471602403614,0.4837560642863743,2.117052274546226,0.010416891282054098,-0.0010827906168682639,0.044733187638381286,-0.0010827906168682639,0.010677502837097438,-0.052179308930046756,0.044733187638381286,-0.052179308930046756,4.939647564667089
20300.0,0.5644629851641431,0.4856476930695634,2.48560976359136,0.010421638005400573,-0.0010424738907176148,0.02474482152631221,-0.0010424738907176148,0.010548324158604658,-0.0299666504926845,0.02474482152631221,-0.0299666504926845,3.145299529870852
20400.0,0.49484130116049807,0.4915247373096799,2.822034511407776,0.010437266272105995,-0.0009496282398944557,0.01364630063904763,-0.0009496282398944557,0.010273291371615078,-0.012461366945287785,0.01364630063904763,-0.012461366945287785,1.2081329036365365
20500.0,0.4353299940041211,0.49823093133439816,2.9194150322441876,0.010456020898482656,-0.0008705792875745549,0.007806441392012891,-0.0008705792875745549,0.01006694999003961,-0.003873836416717504,0.007806441392012891,-0.003873836416717504,0.5218266306215931
20600.0,0.3759806123707881,0.5062446456728813,2.9118486616298282,0.010479235016015869,-0.0007906424633453465,0.011385210889874335,-0.0007906424633453465,0.009887566212831194,-0.0035417771452602785,0.011385210889874335,-0.0035417771452602785,0.5952111290323305
20700.0,0.33638814025588926,0.5113892246699079,2.879149549786751,0.010494374284051393,-0.0007351059900871621,0.012405909607083725,-0.0007351059900871621,0.009782561335036495,-0.005559087942752833,0.012405909607083725,-0.005559087942752833,0.8137457523874123
20800.0,0.26705716525967793,0.5200456926897417,2.805184955486236,0.010520269163641169,-0.0006338744059060207,0.01523988073853786,-0.0006338744059060207,0.009626952941655772,-0.008504723295932671,0.01523988073853786,-0.008504723295932671,1.3143247717484021
20900.0,0.21745333149891943,0.5255349910875502,2.5622911725846933,0.010536873307698301,-0.0005581591377373318,0.02062020734213617,-0.0005581591377373318,0.009537704786113474,-0.008792199282275563,0.02062020734213617,-0.008792199282275563,2.7325537788224037
21000.0,0.15780353552550883,0.530870772013366,2.158034571696482,0.010552989654288667,-0.0004637182245047505,0.04821288138388249,-0.0004637182245047505,0.009454776795433262,-0.012151111308884502,0.04821288138388249,-0.012151111308884502,4.751389268437698
21100.0,0.0781278936063248,0.5361541657776752,1.6092647087431393,0.01056873840248702,-0.00033340069103264265,0.05568862191135547,-0.00033340069103264265,0.009385557541652522,-0.01137083493067697,0.05568862191135547,-0.01137083493067697,6.908920308000546
21200.0,0.0781278936063248,0.5361541657776752,1.116326698861593,0.01056873840248702,-0.00033340069103264265,0.0617761253355939,-0.00033340069103264265,0.009385557541652522,-0.02296350574552725,0.0617761253355939,-0.02296350574552725,8.297483196222396
21300.0,0.0781278936063248,0.5361541657776752,1.3113886286913399,0.01056873840248702,-0.00033340069103264265,0.05701169372464015,-0.00033340069103264265,0.009385557541652522,-0.01569948664254158,0.05701169372464015,-0.01569948664254158,7.808825381927806
21400.0,0.0781278936063248,0.5361541657776752,1.5180169291354457,0.01056873840248702,-0.00033340069103264265,0.054370630735625786,-0.00033340069103264265,0.009385557541652522,-0.013487539940522294,0.054370630735625786,-0.013487539940522294,7.203961293176385
21500.0,0.0781278936063248,0.5361541657776752,1.9911053830954542,0.01056873840248702,-0.00033340069103264265,0.0499137598457407,-0.00033340069103264265,0.009385557541652522,-0.006960354836843223,0.0499137598457407,-0.006960354836843223,5.482369577474017
21600.0,0.0781278936063248,0.5361541657776752,2.732503546492902,0.01056873840248702,-0.00033340069103264265,0.01572203926190274,-0.00033340069103264265,0.009385557541652522,-0.003521155543983709,0.01572203926190274,-0.003521155543983709,1.7670472521892218
21700.0,0.06819764803878783,0.5371626952988189,2.951246885315983,0.01057189424399523,-0.00031702485166966514,0.0020867471645816802,-0.00031702485166966514,0.009380259761419815,0.001376902205614314,0.0020867471645816802,0.001376902205614314,0.1524421221393276
21800.0,-0.0007202466737486796,0.548653662224862,2.9013796265447014,0.010609401511317422,-0.0002012411476243474,-0.0017188123558159445,-0.0002012411476243474,0.009363823632159892,-1.008337442587312e-05,-0.0017188123558159445,-1.008337442587312e-05,0.0037415753452900587
21900.0,-0.049193917521696294,0.5605269917995845,2.818379626544701,0.010649717860057967,-0.0001155179666831617,-0.0017630471946860143,-0.0001155179666831617,0.00937356087650373,-0.0001915035046370065,-0.0017630471946860143,-0.0001915035046370065,0.0037415753452900587
22000.0,-0.15330329405372584,0.5953995266390741,2.7283796265447013,0.010775101123604606,8.860406380274734e-05,-0.0018931181186034327,8.860406380274734e-05,0.009453954805021385,-0.0005811857858497765,-0.0018931181186034327,-0.0005811857858497765,0.0037415753452900587
22100.0,-0.26299826705483764,0.6434961769311328,2.627379626544702,0.01096373017347497,0.00034429931395187573,-0.002072647467961094,0.00034429931395187573,0.009626521195574646,-0.0009918198371723188,-0.002072647467961094,-0.0009918198371723188,0.0037415753452900587
22200.0,-0.35859417255524184,0.6974987585321739,2.4973796265447015,0.011196728771222138,0.0006156246367064149,-0.0022743306350126646,0.0006156246367064149,0.00985047528208484,-0.001349722932531897,-0.0022743306350126646,-0.001349722932531897,0.0037415753452900587
22300.0,-0.3745557505051072,0.7094877395004127,2.392379626544702,0.011251514226864948,0.0006688945145761087,-0.0023191265993690144,0.0006688945145761087,0.009894554484173085,-0.0014094934864518193,-0.0023191265993690144,-0.0014094934864518193,0.003741575345290058
22400.0,-0.38917288991355425,0.7230835797032265,2.307379626544702,0.011315005058282708,0.0007227843662854533,-0.002369940235298232,0.0007227843662854533,0.009936608374013191,-0.001464239919597391,-0.002369940235298232,-0.001464239919597391,0.003741575345290058
22500.0,-0.38917288991355425,0.7230835797032265,2.222379626544702,0.011315005058282708,0.0007227843662854533,-0.0023699402352982315,0.0007227843662854533,0.009936608374013191,-0.0014642399195973908,-0.0023699402352982315,-0.0014642399195973908,0.003741575345290058
22600.0,-0.38917288991355425,0.7230835797032265,2.1193796265447022,0.011315005058282708,0.0007227843662854533,-0.002369940235298232,0.0007227843662854533,0.009936608374013191,-0.001464239919597391,-0.002369940235298232,-0.001464239919597391,0.003741575345290058
22700.0,-0.38917288991355425,0.7230835797032265,2.0063796265447027,0.011315005058282708,0.0007227843662854533,-0.002369940235298232,0.0007227843662854533,0.009936608374013191,-0.001464239919597391,-0.002369940235298232,-0.001464239919597391,0.003741575345290058
22800.0,-0.38917288991355425,0.7230835797032265,1.8943796265447026,0.011315005058282708,0.0007227843662854533,-0.002369940235298232,0.0007227843662854533,0.009936608374013191,-0.001464239919597391,-0.002369940235298232,-0.001464239919597391,0.003741575345290058
22900.0,-0.38917288991355425,0.7230835797032265,1.7803796265447027,0.011315005058282708,0.0007227843662854533,-0.002369940235298232,0.0007227843662854533,0.009936608374013191,-0.001464239919597391,-0.002369940235298232,-0.001464239919597391,0.003741575345290058
23000.0,-0.38917288991355425,0.7230835797032265,1.6893796265447025,0.011315005058282708,0.0007227843662854533,-0.0023699402352982324,0.0007227843662854533,0.009936608374013191,-0.0014642399195973906,-0.0023699402352982324,-0.0014642399195973906,0.0037415753452900583
23100.0,-0.38917288991355425,0.7230835797032265,1.6123796265447026,0.011315005058282708,0.0007227843662854533,-0.002369940235298232,0.0007227843662854533,0.009936608374013191,-0.001464239919597391,-0.002369940235298232,-0.001464239919597391,0.003741575345290058
23200.0,-0.3916624329868583,0.7829197802263543,1.528379626544703,0.011611946735800838,0.0008173733616503739,-0.002593818659509093,0.0008173733616503739,0.009944190396304906,-0.0014737913079493207,-0.002593818659509093,-0.0014737913079493207,0.003741575345290058
23300.0,-0.3886996048888889,0.8527262282248421,1.4553796265447025,0.011992334359777814,0.0009124328908231097,-0.0028550241482010155,0.0009124328908231097,0.009935865236522217,-0.0014629810108230741,-0.0028550241482010155,-0.0014629810108230741,0.0037415753452900583
23400.0,-0.3886996048888889,0.8527262282248421,1.4133796265447025,0.011992334359777814,0.0009124328908231097,-0.002855024148201016,0.0009124328908231097,0.009935865236522217,-0.0014629810108230735,-0.002855024148201016,-0.0014629810108230735,0.003741575345290058
23500.0,-0.37774628817319544,0.9217316148655197,1.398379626544703,0.012404354927402978,0.000979967297676951,-0.003113263872506029,0.000979967297676951,0.009904698283759662,-0.0014222696532233262,-0.003113263872506029,-0.0014222696532233262,0.003741575345290058
23600.0,-0.35719692850145107,1.0397316093066742,1.3813796265447027,0.013191552208327708,0.001075995816582363,-0.0035548639160774037,0.001075995816582363,0.009848697723389985,-0.0013458464047703149,-0.0035548639160774037,-0.0013458464047703149,0.003741575345290058
23700.0,-0.340282708267438,1.1279568254800019,1.371379626544703,0.013848258163746213,0.0011300145641829067,-0.003885041742018764,0.0011300145641829067,0.009805005982288407,-0.0012829071212388148,-0.003885041742018764,-0.0012829071212388148,0.0037415753452900583
23800.0,-0.3205098060589345,1.2257920094421815,1.3683796265447026,0.014644663886616834,0.0011726371040243916,-0.004251188336287819,0.0011726371040243916,0.009756693799879946,-0.001209309499212594,-0.004251188336287819,-0.001209309499212594,0.003741575345290058
23900.0,-0.2964302240483681,1.343122519546023,1.3333796265447027,0.015694286718575257,0.001203074768537908,-0.004690297321178691,0.001203074768537908,0.009701923831812538,-0.0011196746244458119,-0.004690297321178691,-0.0011196746244458119,0.003741575345290058
24000.0,-0.29408267702729807,1.3528238561451968,1.265379626544703,0.01578569566756588,0.001202968377185188,-0.004726605944341363,0.001202968377185188,0.009696803321262907,-0.0011109291531229768,-0.004726605944341363,-0.0011109291531229768,0.003741575345290058
24100.0,-0.2880800686514224,1.3718626672423293,1.1573796265447025,0.01596716717301955,0.0011955800469148486,-0.004797866896584134,0.0011955800469148486,0.009683831893492641,-0.001088544465857722,-0.004797866896584134,-0.001088544465857722,0.003741575345290056
24200.0,-0.28006023678124775,1.390143529696835,1.0243796265447025,0.01614402356558688,0.0011767198475327511,-0.004866299809498747,0.0011767198475327511,0.009666838520818509,-0.0010586089690599306,-0.004866299809498747,-0.0010586089690599306,0.003741575345290056
24300.0,-0.2748736377967391,1.3986714895818544,0.8463796265447026,0.016227418114436745,0.0011604771520411536,-0.004898229237562835,0.0011604771520411536,0.009656065129893757,-0.0010392360237978493,-0.004898229237562835,-0.0010392360237978493,0.0037415753452900553
24400.0,-0.2748736377967391,1.3986714895818544,0.6403796265447026,0.016227418114436745,0.0011604771520411536,-0.004898229237562835,0.0011604771520411536,0.009656065129893757,-0.0010392360237978493,-0.004898229237562835,-0.0010392360237978493,0.0037415753452900553
24500.0,-0.2748736377967391,1.3986714895818544,0.4263796265447026,0.016227418114436745,0.0011604771520411536,-0.004898229237562835,0.0011604771520411536,0.009656065129893757,-0.0010392360237978493,-0.004898229237562835,-0.0010392360237978493,0.0037415753452900557
24600.0,-0.2294351611547053,1.4193116824374574,0.2453796265447025,0.01643233173706543,0.0009563848596629334,-0.004975637794204609,0.0009563848596629334,0.009569616233959452,-0.0008693010363046232,-0.004975637794204609,-0.0008693010363046232,0.0037415753452900553
24700.0,-0.20038813439439077,1.426585774533728,0.10437962654470247,0.016505649647058165,0.0008176613622866078,-0.005002969870909738,0.0008176613622866078,0.009522371459273744,-0.0007606449180018242,-0.005002969870909738,-0.0007606449180018242,0.0037415753452900557
24800.0,-0.1706071196662855,1.4297056048502408,0.010379626544702612,0.016537668837782873,0.0006709154197974523,-0.005014760904337543,0.0006709154197974523,0.009480433472036002,-0.000649226041717995,-0.005014760904337543,-0.000649226041717995,0.0037415753452900557
24900.0,-0.1706071196662855,1.4297056048502408,-0.03662037345529755,0.016537668837782873,0.0006709154197974523,-0.005014760904337542,0.0006709154197974523,0.009480433472036002,-0.0006492260417179951,-0.005014760904337542,-0.0006492260417179951,0.0037415753452900553
25000.0,-0.11075930643676737,1.4275128966155401,-0.04962037345529745,0.01651727229139271,0.0003701848997775742,-0.00500679282579529,0.0003701848997775742,0.009416124663456758,-0.00042528567561368616,-0.00500679282579529,-0.00042528567561368616,0.0037415753452900553
25100.0,-0.06091409663980069,1.4250374611060748,-0.027620373455297643,0.016493857448267302,0.0001202795166060884,-0.004997727369120584,0.0001202795166060884,0.009383017443397089,-0.00023877079119165233,-0.004997727369120584,-0.00023877079119165233,0.0037415753452900557
25200.0,-0.04095905546741985,1.4244861289783979,0.012379626544702392,0.016488897612606024,2.0563357792344576e-05,-0.004995743262536932,2.0563357792344576e-05,0.00937498048586229,-0.0001641031217518311,-0.004995743262536932,-0.0001641031217518311,0.0037415753452900557
25300.0,-0.04095905546741985,1.4244861289783979,0.05437962654470221,0.016488897612606024,2.0563357792344576e-05,-0.004995743262536933,2.0563357792344576e-05,0.00937498048586229,-0.0001641031217518311,-0.004995743262536933,-0.0001641031217518311,0.0037415753452900553
25400.0,-0.04095905546741985,1.4244861289783979,0.076379626544702,0.016488897612606024,2.0563357792344576e-05,-0.004995743262536933,2.0563357792344576e-05,0.00937498048586229,-0.00016410312175183105,-0.004995743262536933,-0.00016410312175183105,0.0037415753452900557
25500.0,-0.04095905546741985,1.4244861289783979,0.08437962654470202,0.016488897612606024,2.0563357792344576e-05,-0.004995743262536933,2.0563357792344576e-05,0.00937498048586229,-0.00016410312175183105,-0.004995743262536933,-0.00016410312175183105,0.0037415753452900557
25600.0,-0.04095905546741985,1.4244861289783979,0.07137962654470212,0.016488897612606024,2.0563357792344576e-05,-0.004995743262536933,2.0563357792344576e-05,0.00937498048586229,-0.00016410312175183105,-0.004995743262536933,-0.00016410312175183105,0.0037415753452900557
25700.0,-0.04095905546741985,1.4244861289783979,0.043379626544702087,0.016488897612606024,2.0563357792344576e-05,-0.004995743262536933,2.0563357792344576e-05,0.00937498048586229,-0.0001641031217518311,-0.004995743262536933,-0.0001641031217518311,0.0037415753452900553
25800.0,-0.04095905546741985,1.4244861289783979,-0.006620373455297737,0.016488897612606024,2.0563357792344576e-05,-0.004995743262536932,2.0563357792344576e-05,0.00937498048586229,-0.0001641031217518311,-0.004995743262536932,-0.0001641031217518311,0.0037415753452900557
25900.0,0.018927599646246088,1.4240895724822462,-0.04562037345529788,0.016486618232360212,-0.0002782760008645516,-0.004994495972657938,-0.0002782760008645516,0.009368766357445553,5.997548524701914e-05,-0.004994495972657938,5.997548524701914e-05,0.0037415753452900553
26000.0,0.06878231239769932,1.4218135370837444,-0.0776203734552979,0.016465339768614667,-0.0005264896850438532,-0.004986176646054985,-0.0005264896850438532,0.009384045880934538,0.00024652513928196805,-0.004986176646054985,0.00024652513928196805,0.0037415753452900557
26100.0,0.15834377590188284,1.414847629393868,-0.0796203734552977,0.016398718323951133,-0.0009686826123018822,-0.0049604660982982465,-0.0009686826123018822,0.009458194300723241,0.0005816634956198693,-0.0049604660982982465,0.0005816634956198693,0.0037415753452900557
26200.0,0.2578408343187988,1.406908722098692,-0.07862037345529779,0.016323274031855316,-0.0014543521922395775,-0.004931154128741041,-0.0014543521922395775,0.009610965323134072,0.0009539815678422903,-0.004931154128741041,0.0009539815678422903,0.0037415753452900553
26300.0,0.367296276650598,1.3982853751864142,-0.0696203734552979,0.01624204450624366,-0.001982053432886647,-0.004899320528160883,-0.001982053432886647,0.009864621736067464,0.0013635634856731702,-0.004899320528160883,0.0013635634856731702,0.0037415753452900557
26400.0,0.43699630659927946,1.3934248857402172,-0.049620373455297885,0.01619684230187245,-0.0023154765145405364,-0.004881409358449889,-0.0023154765145405364,0.010072884321296296,0.0016243782855721173,-0.004881409358449889,0.0016243782855721173,0.0037415753452900553
26500.0,0.5366867261932129,1.388474014721286,-0.018620373455297747,0.01615205093813929,-0.002791994476701313,-0.004863278445100474,-0.002791994476701313,0.010433965590156207,0.001997408054416185,-0.004863278445100474,0.001997408054416185,0.0037415753452900553
26600.0,0.6364827007973681,1.3866154304570224,0.012379626544702392,0.016137574847754826,-0.0032726907071549374,-0.004856718313725455,-0.0032726907071549374,0.010869944414186069,0.002370820565105216,-0.004856718313725455,0.002370820565105216,0.0037415753452900557
26700.0,0.6664243908062211,1.3869860769910773,0.022379626544702207,0.016142278643923577,-0.0034189465313176834,-0.004858223400039688,-0.0034189465313176834,0.011015291019761111,0.0024828514946596647,-0.004858223400039688,0.0024828514946596647,0.00374157534529006
26800.0,0.6664243908062211,1.3869860769910773,0.03437962654470221,0.016142278643923577,-0.0034189465313176834,-0.004858223400039688,-0.0034189465313176834,0.011015291019761111,0.0024828514946596647,-0.004858223400039688,0.0024828514946596647,0.00374157534529006
26900.0,0.706326111934389,1.3883583715059749,0.038379626544702214,0.01615710867573475,-0.003616289577524869,-0.004863515671687006,-0.003616289577524869,0.011219418423426223,0.0026321457745730288,-0.004863515671687006,0.0026321457745730288,0.00374157534529006
27000.0,0.706326111934389,1.3883583715059749,0.03437962654470221,0.01615710867573475,-0.003616289577524869,-0.004863515671687006,-0.003616289577524869,0.011219418423426223,0.002632145774573029,-0.004863515671687006,0.002632145774573029,0.00374157534529006
27100.0,0.706326111934389,1.3883583715059749,0.021379626544702313,0.01615710867573475,-0.003616289577524869,-0.004863515671687006,-0.003616289577524869,0.011219418423426223,0.002632145774573029,-0.004863515671687006,0.002632145774573029,0.00374157534529006
27200.0,0.706326111934389,1.3883583715059749,-0.010620373455297715,0.01615710867573475,-0.003616289577524869,-0.004863515671687006,-0.003616289577524869,0.011219418423426223,0.002632145774573029,-0.004863515671687006,0.002632145774573029,0.00374157534529006
27300.0,0.7562299367671466,1.3878282887515017,-0.03462037345529774,0.01615384709340016,-0.0038574037820257303,-0.004861729345071579,-0.0038574037820257303,0.011491473138664525,0.002818872295594839,-0.004861729345071579,0.002818872295594839,0.00374157534529006
27400.0,0.7861559762408853,1.3867917846001898,-0.06362037345529765,0.016144924469112733,-0.003999815919089192,-0.004857969253985339,-0.003999815919089192,0.011663553924951659,0.002930850222779933,-0.004857969253985339,0.002930850222779933,0.00374157534529006
27500.0,0.8758061823869502,1.3810803790881345,-0.07862037345529777,0.016093075143231772,-0.004416637237434266,-0.004836953009541417,-0.004416637237434266,0.012219168039016633,0.003266315672005773,-0.004836953009541417,0.003266315672005773,0.00374157534529006
27600.0,0.9454596456890042,1.3755927946894124,-0.06362037345529765,0.016042909581816683,-0.004734206072578113,-0.004816695263717681,-0.004734206072578113,0.012692373368223108,0.0035269587106254246,-0.004816695263717681,0.0035269587106254246,0.00374157534529006
27700.0,1.0052264497863808,1.371785191014709,-0.05562037345529765,0.01600874400643528,-0.005007814417299032,-0.004802684434088399,-0.005007814417299032,0.01312736145357013,0.003750602343442651,-0.004802684434088399,0.003750602343442651,0.00374157534529006
27800.0,1.0650218018607098,1.3684558385153678,-0.03562037345529763,0.015979314418282382,-0.0052817784282527995,-0.004790463182781619,-0.0052817784282527995,0.013589312904575412,0.003974350905143245,-0.004790463182781619,0.003974350905143245,0.00374157534529006
27900.0,1.0949467898674512,1.3673894088478218,-0.005620373455297822,0.015970374639813104,-0.005420776037451208,-0.004786591115666899,-0.005420776037451208,0.013830547839464824,0.004086325016248918,-0.004786591115666899,0.004086325016248918,0.00374157534529006
28000.0,1.0949467898674512,1.3673894088478218,0.027379626544702097,0.015970374639813104,-0.005420776037451208,-0.004786591115666899,-0.005420776037451208,0.013830547839464824,0.00408632501624892,-0.004786591115666899,0.00408632501624892,0.00374157534529006
28100.0,1.0949467898674512,1.3673894088478218,0.04937962654470189,0.015970374639813104,-0.005420776037451208,-0.004786591115666899,-0.005420776037451208,0.013830547839464824,0.004086325016248918,-0.004786591115666899,0.004086325016248918,0.00374157534529006
28200.0,1.0949467898674512,1.3673894088478218,0.0513796265447017,0.015970374639813104,-0.005420776037451208,-0.004786591115666903,-0.005420776037451208,0.013830547839464824,0.004086325016248921,-0.004786591115666903,0.004086325016248921,0.0037415753452900644
28300.0,1.0949467898674512,1.3673894088478218,0.05737962654470169,0.015970374639813104,-0.005420776037451208,-0.004786591115666916,-0.005420776037451208,0.013830547839464824,0.004086325016248932,-0.004786591115666916,0.004086325016248932,0.0037415753452900813
28400.0,1.0949467898674512,1.3673894088478218,0.06237962654470159,0.015970374639813104,-0.005420776037451208,-0.004786591115666916,-0.005420776037451208,0.013830547839464824,0.004086325016248932,-0.004786591115666916,0.004086325016248932,0.0037415753452900813
28500.0,1.1148706205922128,1.368633838258225,0.05537962654470147,0.01598314777513659,-0.00552128218255907,-0.004791326061093589,-0.00552128218255907,0.013994878722267946,0.004160868814316351,-0.004791326061093589,0.004160868814316351,0.003741575345290081
28600.0,1.1547347276474826,1.3708437047500448,0.041379626544701675,0.016006068573917422,-0.005721741940976607,-0.004799752115285431,-0.005721741940976607,0.014332593004197567,0.004310019046514612,-0.004799752115285431,0.004310019046514612,0.0037415753452900813
28700.0,1.1547347276474826,1.3708437047500448,0.04037962654470179,0.016006068573917422,-0.005721741940976607,-0.004799752115285431,-0.005721741940976607,0.014332593004197567,0.004310019046514612,-0.004799752115285431,0.004310019046514612,0.0037415753452900813
28800.0,1.1846543045337241,1.3720524637780294,0.039379626544701896,0.016018987744583345,-0.0058706559767538755,-0.004804393067804139,-0.0058706559767538755,0.014593872238564858,0.004421963925903381,-0.004804393067804139,0.004421963925903381,0.0037415753452900813
28900.0,1.2345222556758588,1.3740171951975388,0.09837962654470207,0.016040092615549173,-0.006119242940317349,-0.004811941410033305,-0.006119242940317349,0.015044241809487775,0.004608546366516848,-0.004811941410033305,0.004608546366516848,0.003741575345290081
29000.0,1.2643214532168927,1.3769582843410202,0.17937962654470202,0.016069767725310935,-0.006276449075238101,-0.004823063721976514,-0.006276449075238101,0.015322247833898697,0.004720033983043012,-0.004823063721976514,0.004720033983043012,0.0037415753452900817
29100.0,1.3036061557589522,1.3840816745035482,0.29437962654470207,0.01614045449690022,-0.00650043304695045,-0.004849872349273567,-0.00650043304695045,0.01569889918762761,0.004866996861541231,-0.004849872349273567,0.004866996861541231,0.0037415753452900626
29200.0,1.3609179055249487,1.4014578667365312,0.43937962654470203,0.016312774899950904,-0.006866298032754899,-0.004915114930507573,-0.006866298032754899,0.016269093609584014,0.005081370795219075,-0.004915114930507573,0.005081370795219075,0.003741575345290062
29300.0,1.3609179055249487,1.4014578667365312,0.5993796265447022,0.016312774899950904,-0.006866298032754899,-0.004915114930507572,-0.006866298032754899,0.016269093609584014,0.005081370795219075,-0.004915114930507572,0.005081370795219075,0.003741575345290063
29400.0,1.3609179055249487,1.4014578667365312,0.7563796265447021,0.016312774899950904,-0.006866298032754899,-0.004915114930507569,-0.006866298032754899,0.016269093609584014,0.00508137079521907,-0.004915114930507569,0.00508137079521907,0.0037415753452900574
29500.0,1.3609179055249487,1.4014578667365312,0.9063796265447022,0.016312774899950904,-0.006866298032754899,-0.004915114930507572,-0.006866298032754899,0.016269093609584014,0.005081370795219075,-0.004915114930507572,0.005081370795219075,0.0037415753452900626
29600.0,1.3670724028930352,1.4093159244464761,1.033379626544702,0.016390537970443864,-0.006936478703010398,-0.00494454161753581,-0.006936478703010398,0.016331782645366652,0.0051043679575477055,-0.00494454161753581,0.0051043679575477055,0.0037415753452900618
29700.0,1.3670724028930352,1.4093159244464761,1.134379626544702,0.016390537970443864,-0.006936478703010398,-0.00494454161753581,-0.006936478703010398,0.016331782645366652,0.0051043679575477055,-0.00494454161753581,0.0051043679575477055,0.0037415753452900618
29800.0,1.3712914696355587,1.4183617182009645,1.2103796265447015,0.016480494056846217,-0.007003447530164993,-0.00497840479627747,-0.007003447530164993,0.016374920021882896,0.00512011865626676,-0.00497840479627747,0.00512011865626676,0.0037415753452900704
29900.0,1.3748115388750324,1.4277017407585344,1.2493796265447015,0.01657398020847689,-0.007068700925859249,-0.005013366126295029,-0.007068700925859249,0.01641101242722081,0.005133252764079274,-0.005013366126295029,0.005133252764079274,0.003741575345290071
30000.0,1.3937308829918924,1.4845227503935774,1.256379626544701,0.017156675389599613,-0.007457915715651396,-0.005226047200255967,-0.007457915715651396,0.01660660077556785,0.005203818610105592,-0.005226047200255967,0.005203818610105592,0.003741575345290071
30100.0,1.4153388758968015,1.5509668108890429,1.2743796265447007,0.017868703191511234,-0.007920381763497996,-0.005474745323804063,-0.007920381763497996,0.016833295997248067,0.005284406532218032,-0.005474745323804063,0.005284406532218032,0.003741575345290071
30200.0,1.4649025313210822,1.7132493444897734,1.2983796265447007,0.019746604561687944,-0.009075331573569325,-0.006082151291908495,-0.009075331573569325,0.017366651165841237,0.005469217278844,-0.006082151291908495,0.005469217278844,0.003741575345290071
30300.0,1.4971295723976317,1.8286083176755714,1.336379626544701,0.021201301636643383,-0.00991318101688161,-0.006513915580644656,-0.00991318101688161,0.01772347564503241,0.005589345170519942,-0.006513915580644656,0.005589345170519942,0.00374157534529007
30400.0,1.5179954648164056,1.915983337838792,1.3853796265447005,0.022369259157934085,-0.010541971044307992,-0.006840927845982092,-0.010541971044307992,0.017958783908035597,0.005667073726879237,-0.006840927845982092,0.005667073726879237,0.003741575345290071
30500.0,1.525355991481653,1.955224300982373,1.4693796265447001,0.022912295586686452,-0.010814736491177349,-0.006987784264197672,-0.010814736491177349,0.01804263324943844,0.005694459536761921,-0.006987784264197672,0.005694459536761921,0.003741575345290071
30600.0,1.525355991481653,1.955224300982373,1.6003796265447006,0.022912295586686452,-0.010814736491177349,-0.006987784264197672,-0.010814736491177349,0.01804263324943844,0.005694459536761921,-0.006987784264197672,0.005694459536761921,0.003741575345290071
30700.0,1.525355991481653,1.955224300982373,1.7723796265447,0.022912295586686452,-0.010814736491177349,-0.006987784264197672,-0.010814736491177349,0.01804263324943844,0.005694459536761921,-0.006987784264197672,0.005694459536761921,0.003741575345290071
30800.0,1.525355991481653,1.955224300982373,1.9593796265447003,0.022912295586686452,-0.010814736491177349,-0.006987784264197672,-0.010814736491177349,0.01804263324943844,0.005694459536761921,-0.006987784264197672,0.005694459536761921,0.003741575345290071
30900.0,1.525355991481653,1.955224300982373,2.1473796265447014,0.022912295586686452,-0.010814736491177349,-0.006987784264197674,-0.010814736491177349,0.01804263324943844,0.005694459536761922,-0.006987784264197674,0.005694459536761922,0.003741575345290074
31000.0,1.525355991481653,1.955224300982373,2.340379626544701,0.022912295586686452,-0.010814736491177349,-0.00698778426419767,-0.010814736491177349,0.01804263324943844,0.005694459536761918,-0.00698778426419767,0.005694459536761918,0.00374157534529007
31100.0,1.525355991481653,1.955224300982373,2.5173796265447006,0.022912295586686452,-0.010814736491177349,-0.006987784264197672,-0.010814736491177349,0.01804263324943844,0.0056944595367619194,-0.006987784264197672,0.0056944595367619194,0.003741575345290071
31200.0,1.492959692731531,1.9785590469316765,2.6653796265447,0.023238721208593487,-0.010717898858366033,-0.007074967612350059,-0.010717898858366033,0.01767772005652504,0.005573150617225977,-0.007074967612350059,0.005573150617225977,0.003741575345290071
31300.0,1.4219935124940362,2.0151640114501976,2.7543796265447003,0.02375793909855289,-0.010409406655234531,-0.007211651630247963,-0.010409406655234531,0.016905760212711354,0.005307472917997302,-0.007211651630247963,0.005307472917997302,0.003741575345290071
31400.0,1.3480546656873091,2.0453164424930526,2.8263796265447003,0.02419238468693232,-0.010027410896218633,-0.007324180556491186,-0.010027410896218633,0.01614154992917365,0.005030697916642946,-0.007324180556491186,0.005030697916642946,0.00374157534529007
31500.0,1.272138285794448,2.0700717536174467,2.8733796265447,0.024553409270908412,-0.009588617839341588,-0.007416507346798917,-0.009588617839341588,0.015399460393342307,0.0047465449219242055,-0.007416507346798917,0.0047465449219242055,0.003741575345290071
31600.0,1.0892736954340938,2.1203296453235714,2.9253796265446996,0.025299210713815704,-0.008436357503000693,-0.007603834426275407,-0.008436357503000693,0.013789059832232603,0.004062124624778283,-0.007603834426275407,0.004062124624778283,0.00374157534529007
31700.0,0.9722865506614689,2.1460256144428733,2.957379626544699,0.025686835780242768,-0.0076400721619091245,-0.007699518669562228,-0.0076400721619091245,0.012890080018945494,0.0036242940217215977,-0.007699518669562228,0.0036242940217215977,0.00374157534529007
31800.0,0.9134118590863072,2.156995546515927,2.934830958780083,0.025853449346848936,-0.007224247509525253,0.014480864929295019,-0.007224247509525253,0.012476398518978847,-0.003612930581675509,0.014480864929295019,-0.003612930581675509,0.3376092799295877
31900.0,0.814722573893381,2.17193261017549,2.8675831791723896,0.02608098312975276,-0.006506058485656837,0.0422644002665068,-0.006506058485656837,0.011841122404814839,-0.011600708181312461,0.0422644002665068,-0.011600708181312461,0.8860344715112243
32000.0,0.6760433802987734,2.1891068756318086,2.626406210963667,0.026343693537643455,-0.0054688538600218385,0.09825392196770967,-0.0054688538600218385,0.011071583496718121,-0.02589861616225009,0.09825392196770967,-0.02589861616225009,2.373749998165432
32100.0,0.6760433802987734,2.1891068756318086,1.670096561814933,0.026343693537643455,-0.0054688538600218385,0.24429444130554007,-0.0054688538600218385,0.011071583496718121,-0.0732287817442653,0.24429444130554007,-0.0732287817442653,6.7026485054214975
32200.0,0.6760433802987734,2.1891068756318086,-0.3807705160902283,0.026343693537643455,-0.0054688538600218385,0.3074207029211153,-0.0054688538600218385,0.011071583496718121,-0.10493394034525308,0.3074207029211153,-0.10493394034525308,9.430246080514317
32300.0,0.6660624375055373,2.1890191842140188,-0.2571068099466363,0.02634188145248818,-0.00539027185302388,0.3095513946661392,-0.00539027185302388,0.011021731383873449,-0.10082162361610665,0.3095513946661392,-0.10082162361610665,9.510503581539753
32400.0,0.6660624375055373,2.1890191842140188,-0.04847850950253026,0.02634188145248818,-0.00539027185302388,0.311301071420904,-0.00539027185302388,0.011021731383873449,-0.10105925294703332,0.311301071420904,-0.10105925294703332,9.575819510288246
32500.0,0.6560811254094896,2.1890013609736365,0.8594329159600484,0.026341168955816063,-0.005311863328940936,0.29602593221634627,-0.005311863328940936,0.010972624070895163,-0.10064506193098138,0.29602593221634627,-0.10064506193098138,8.819358135024347
32600.0,0.6161639702270816,2.1898083698764683,1.6092647087431375,0.026352140297144992,-0.005000308170531365,0.25020437176700416,-0.005000308170531365,0.010783701732316818,-0.06966757483213945,0.25020437176700416,-0.06966757483213945,6.908920308000548
32700.0,0.6161639702270816,2.1898083698764683,2.134901830467762,0.026352140297144992,-0.005000308170531365,0.19520932541355435,-0.005000308170531365,0.010783701732316818,-0.047867902160945594,0.19520932541355435,-0.047867902160945594,4.859407783702955
32800.0,0.5962424578899722,2.1910893778814486,2.1874504982323777,0.026371440388626193,-0.0048466633521451925,0.1882458965571542,-0.0048466633521451925,0.010693891033103715,-0.04169051078790153,0.1882458965571542,-0.04169051078790153,4.6147264592100905
32900.0,0.4169963973681665,2.2033355302254902,2.562291172584692,0.02655726623894482,-0.0034568925746089564,0.10970648863850238,-0.0034568925746089564,0.01001942354487087,-0.015189793749030138,0.10970648863850238,-0.015189793749030138,2.732553778822403
33000.0,0.26787190743464,2.21667498254003,2.5602911725846917,0.026763164737134013,-0.00229141947024359,0.11004298142823198,-0.00229141947024359,0.009641615207691754,-0.0072825661939594985,0.11004298142823198,-0.0072825661939594985,2.732553778822403
33100.0,0.08895489207727654,2.2330401918400433,2.5602911725846917,0.02701810208188538,-0.0008738344839740082,0.11046574930180564,-0.0008738344839740082,0.009407994163736642,0.0022052803126285142,0.11046574930180564,0.0022052803126285142,2.732553778822403
33200.0,-0.0005036156014051984,2.2412227964900504,2.777769028950336,0.02714646894454173,-0.00015693406947829254,0.06538755993735051,-0.00015693406947829254,0.009381037358520247,0.0025194096398279044,0.06538755993735051,0.0025194096398279044,1.4898897447570763
33300.0,-0.06005408848019268,2.2475718041031034,2.7325035464928993,0.02724681724600682,0.0003235172780500257,0.07588548514356462,0.0003235172780500257,0.009396322953640984,0.00472719572405559,0.07588548514356462,0.00472719572405559,1.7670472521892209
33400.0,-0.21893801756078402,2.2637082764414034,2.4856097635913574,0.027503168055500148,0.001618390360445166,0.12918185594760512,0.001618390360445166,0.009566980577660303,0.021613098398367215,0.12918185594760512,0.021613098398367215,3.1452995298708513
33500.0,-0.2587218369914383,2.267066587435756,1.8390257504159617,0.027556591801720973,0.0019449073008570045,0.23121344419654677,0.0019449073008570045,0.009639277239734654,0.029341140082285066,0.23121344419654677,0.029341140082285066,6.08458747096753
33600.0,-0.2587218369914383,2.267066587435756,0.7063532832805584,0.027556591801720973,0.0019449073008570045,0.3114935790563112,0.0019449073008570045,0.009639277239734654,0.027852499733866352,0.3114935790563112,0.027852499733866352,9.065628641115813
33700.0,-0.28866188489588496,2.2675520881246225,0.8048842481954319,0.02756357070495994,0.0021890180437867143,0.30913726997458973,0.0021890180437867143,0.009701448283738753,0.0321680779707755,0.30913726997458973,0.0321680779707755,8.913584395382077
33800.0,-0.3385602466019524,2.268461054414213,0.8594329159600484,0.02757686003767969,0.002596210177516171,0.3055587958581464,0.002596210177516171,0.009819972730890794,0.039727795536132815,0.3055587958581464,0.039727795536132815,8.819358135024347
33900.0,-0.38845669057996246,2.269469815542753,1.518016929135444,0.027591816713431014,0.0030038537477458014,0.26231443833122764,0.0030038537477458014,0.009957127821936666,0.04738634627800454,0.26231443833122764,0.04738634627800454,7.203961293176385
34000.0,-0.4183764652665245,2.2706736685839557,2.2399991659969944,0.027610579041431372,0.0032494177558651458,0.1811048016964192,0.0032494177558651458,0.01004832250573134,0.042250067286035704,0.1811048016964192,0.042250067286035704,4.364138039063313
34100.0,-0.4183764652665245,2.2706736685839557,2.7830522142575163,0.027610579041431372,0.0032494177558651458,0.06424360114758515,0.0032494177558651458,0.01004832250573134,0.014062407840983681,0.06424360114758515,0.014062407840983681,1.4549180446797005
34200.0,-0.46799654368069,2.2760141310018747,2.939114144087263,0.02769641100415905,0.0036631981803853957,0.012308665910141882,0.0036631981803853957,0.010214419086607656,0.004191792471704872,0.012308665910141882,0.004191792471704872,0.3006681625371846
34300.0,-0.6554490497240255,2.3047695142279423,2.9413796265446996,0.028164791719506952,0.005265327173045244,-0.008287060317584149,0.005265327173045244,0.011008455642615622,-0.00246680789409251,-0.008287060317584149,-0.00246680789409251,0.00374157534529007
34400.0,-0.7923962198762374,2.3325606408210806,2.9503796265447004,0.028624795857417784,0.006481368720110143,-0.008390505156989499,0.006481368720110143,0.011755045867687237,-0.002979330912685218,-0.008390505156989499,-0.002979330912685218,0.003741575345290071
34500.0,-0.9197885504259413,2.3572211701911367,2.9519637000088013,0.029037850200281146,0.007633831021520352,0.005713593848496176,0.007633831021520352,0.012575577913481188,0.003930738767538896,0.005713593848496176,0.003930738767538896,0.189527311337941
34600.0,-1.0183551823439332,2.3729472617272966,2.932264588165724,0.029303342108699885,0.00852867145603996,0.019822670266492877,0.00852867145603996,0.013293715353574636,0.01064681251976842,0.019822670266492877,0.01064681251976842,0.4114123772374653
34700.0,-1.1764891326109486,2.395266366381388,2.7209371758785403,0.029683137571281906,0.00997544403466964,0.08213111295938032,0.00997544403466964,0.014597701831692497,0.04701787019771771,0.08213111295938032,0.04701787019771771,1.8356518814118068
34800.0,-1.3055953713239277,2.408248150429953,1.8390257504159617,0.02990520497354054,0.011150322426104373,0.24305193585223528,0.011150322426104373,0.01580095247556698,0.14010763454553768,0.24305193585223528,0.14010763454553768,6.08458747096753
34900.0,-1.3853371702541888,2.4124156038812314,0.7304860245092771,0.029976137734183228,0.011862119662722041,0.32932646245096164,0.011862119662722041,0.01660632912116555,0.18797334336199326,0.32932646245096164,0.18797334336199326,9.029479822412313
35000.0,-1.3853371702541888,2.4124156038812314,-0.637664298991771,0.029976137734183228,0.011862119662722041,0.33802843416638,0.011862119662722041,0.01660632912116555,0.1970392378612974,0.33802843416638,0.1970392378612974,9.161154079811663
35100.0,-1.3853371702541888,2.4124156038812314,-0.637664298991771,0.029976137734183228,0.011862119662722041,0.33802843416638,0.011862119662722041,0.01660632912116555,0.1970392378612974,0.33802843416638,0.1970392378612974,9.161154079811663
35200.0,-1.3853371702541888,2.4124156038812314,-0.5768324459199748,0.029976137734183228,0.011862119662722041,0.33870389086032543,0.011862119662722041,0.01660632912116555,0.19736855040699106,0.33870389086032543,0.19736855040699106,9.237520030065522
35300.0,-1.3853371702541888,2.4124156038812314,-0.07261125073124895,0.029976137734183228,0.011862119662722041,0.3441699374023217,0.011862119662722041,0.01660632912116555,0.20369012785981042,0.3441699374023217,0.20369012785981042,9.572780208084247
35400.0,-1.4252623273828076,2.412304385713619,0.7063532832805585,0.029973532418840026,0.012207645294128702,0.33073695826035593,0.012207645294128702,0.01702736710624493,0.19583913614486392,0.33073695826035593,0.19583913614486392,9.065628641115813
35500.0,-1.5649825509368922,2.4145700555949965,2.4856097635913574,0.03001072586205217,0.013432075055735236,0.1346888402771672,0.013432075055735236,0.018594827888693214,0.1026250370533851,0.1346888402771672,0.1026250370533851,3.1452995298708513
35600.0,-1.7241178286595091,2.428003299572407,2.8484504379436713,0.03024280312522828,0.014899580786743286,0.05077243220042976,0.014899580786743286,0.020558468952474002,0.040144394101797765,0.05077243220042976,0.040144394101797765,1.0299051752084627
35700.0,-1.9025489259680368,2.4490142960527033,2.9118486616298265,0.03060982595166945,0.016606249714440094,0.03161830064886558,0.016606249714440094,0.022985865798667238,0.024759027470929684,0.03161830064886558,0.024759027470929684,0.5952111290323301
35800.0,-2.100511286542531,2.474737191037837,2.9194150322441854,0.031064324377394786,0.018551215692660914,0.025148170187069982,0.018551215692660914,0.02595795296144528,0.023118947028209925,0.025148170187069982,0.023118947028209925,0.5218266306215928
35900.0,-2.258776304231419,2.496107095940459,2.906565476322646,0.031446057241199116,0.020140120248984674,0.0332829373415003,0.020140120248984674,0.028545103942489325,0.030123063585730803,0.0332829373415003,0.030123063585730803,0.6318039662379576
36000.0,-2.318172699576625,2.5037645718792905,2.4551938370554582,0.03158373171674957,0.020739749804316643,0.1456775714711048,0.020739749804316643,0.029564428844015403,0.15478555652573947,0.1456775714711048,0.15478555652573947,3.3006659811808903
36100.0,-2.3977470152749865,2.5104016228840846,0.6696541714374802,0.031703328056632,0.021515809294963523,0.34491152434767874,0.021515809294963523,0.030971265465808903,0.3406261809772412,0.34491152434767874,0.3406261809772412,9.117536779013848
36200.0,-2.487568570580083,2.5117683040936907,-1.5154429832256322,0.03172775852371606,0.022339374247670955,0.282385836511983,0.022339374247670955,0.03261593582957732,0.29378778187204846,0.282385836511983,0.29378778187204846,7.208996662630417
36300.0,-2.487568570580083,2.5117683040936907,-2.6529650062825745,0.03172775852371606,0.022339374247670955,0.10907346478608387,0.022339374247670955,0.03261593582957732,0.10846720485780831,0.10907346478608387,0.10846720485780831,2.2412734459676544
36400.0,-2.487568570580083,2.5117683040936907,-2.785478268347705,0.03172775852371606,0.022339374247670955,0.07767273444730662,0.022339374247670955,0.03261593582957732,0.0722330612756259,0.07767273444730662,0.0722330612756259,1.4547674299306563
36500.0,-2.487568570580083,2.5117683040936907,-2.391221667459493,0.03172775852371606,0.022339374247670955,0.16539284473008306,0.022339374247670955,0.03261593582957732,0.1577017806489523,0.16539284473008306,0.1577017806489523,3.6697882890343023
36600.0,-2.636902889436154,2.5010297894021942,-1.3527969799317834,0.031533467512914685,0.023581921426006378,0.29994545685115925,0.023581921426006378,0.03548334836254768,0.32928583317934856,0.29994545685115925,0.32928583317934856,7.696206918035669
36700.0,-2.706727452495981,2.49853000420983,0.6518046155159414,0.03148841013171012,0.024184304127394213,0.3436831555661978,0.024184304127394213,0.03688143948593404,0.3876516136167561,0.3436831555661978,0.3876516136167561,9.142475211779994
36800.0,-2.786570009896251,2.499664989975101,1.0733444017113327,0.031508915173202284,0.02491316325204198,0.3230287731322754,0.02491316325204198,0.03852501931725805,0.37006581429592383,0.3230287731322754,0.37006581429592383,8.393880096223313
36900.0,-2.9063047938504676,2.502804477587485,0.5658400212154266,0.031565764693250724,0.026023012024205313,0.3466784539091632,0.026023012024205313,0.041079278557322955,0.4194202747791652,0.3466784539091632,0.4194202747791652,9.24966554893133
37000.0,-2.97616887807504,2.5036578637635722,0.49244179752927136,0.03158139836898861,0.026660933697749477,0.34812863145053397,0.026660933697749477,0.042619183530034646,0.43239407824471754,0.34812863145053397,0.43239407824471754,9.32949943598781
37100.0,-3.065996143990609,2.5045754219844527,-0.04847850950253245,0.03159836050694227,0.027479671299705865,0.3582883444983077,0.027479671299705865,0.04465277306281678,0.4542343573860628,0.3582883444983077,0.4542343573860628,9.575819510288245
37200.0,-3.155827952855039,2.504415012821014,-0.5526997046912585,0.03159597801894642,0.028286259873991634,0.35477401114876145,0.028286259873991634,0.04674680188607053,0.4536667068872808,0.35477401114876145,0.4536667068872808,9.265937498245767
37300.0,-3.235672050303554,2.5033940977732607,-0.8819917112789564,0.03157810509093743,0.02899238200979721,0.3391374617589985,0.02899238200979721,0.048658659296393736,0.44765933922619566,0.3391374617589985,0.44765933922619566,8.778914257836556
37400.0,-3.295544472525993,2.50202962902104,-0.9249740084292133,0.03155396639828744,0.029514054978242995,0.33920883699689813,0.029514054978242995,0.05012356653470609,0.4540753994064001,0.33920883699689813,0.4540753994064001,8.699343101489053
37500.0,-3.3554155003436987,2.500605288538809,-0.9858058615010095,0.0315288130816401,0.03003432451360879,0.33328142908523306,0.03003432451360879,0.051615260884303196,0.4558973893920406,0.33328142908523306,0.4558973893920406,8.579171802357664
37600.0,-3.435239579539198,2.498546515726332,-0.8819917112789567,0.03149250297184815,0.03072489300192144,0.33877120306695935,0.03072489300192144,0.05364580261715345,0.4753605764782554,0.33877120306695935,0.4753605764782554,8.778914257836558
37700.0,-3.5050907387987102,2.496954635515408,-0.576832445919977,0.031464600738263855,0.03133088796845403,0.353053635188143,0.03133088796845403,0.055461785634547484,0.5038171456907645,0.353053635188143,0.5038171456907645,9.237520030065527
37800.0,-3.574953395833854,2.495991471721651,-0.6009651871486956,0.03144809009278928,0.03194453253195296,0.35376884398187713,0.03194453253195296,0.05731462238770703,0.5129185658756306,0.35376884398187713,0.5129185658756306,9.207885875085125
37900.0,-3.6547952917654936,2.4948108706272887,-0.6922129667563892,0.031427877206916886,0.032644075105849206,0.3482477561249797,0.032644075105849206,0.05947683887893996,0.5200422846900206,0.3482477561249797,0.5200422846900206,9.085871480830365
38000.0,-3.7246535372552247,2.4935682646558925,-0.8452925994358791,0.031406507306350834,0.03325260282021025,0.34189854339898157,0.03325260282021025,0.06140780419812254,0.5182701287504468,0.34189854339898157,0.5182701287504468,8.844106568676247
38100.0,-3.7446114561734767,2.493133399436645,-0.668080225527671,0.03139898241550241,0.03342520832810761,0.3500070769479804,0.03342520832810761,0.0619661676304525,0.532218490680102,0.3500070769479804,0.532218490680102,9.120100593411387
38200.0,-3.7745512218162087,2.492630793529682,-1.3359474240102458,0.031390395905534746,0.03368613027123627,0.2997617333114573,0.03368613027123627,0.06280939151392247,0.4727451155947106,0.2997617333114573,0.4727451155947106,7.746941534389858
