12700.0,0.06964485321068335,-0.024334765075619005,-0.018311530683743374,0.009809286042941645,-0.0004800442483974046,-4.298937714612103e-06,-0.0004800442483974046,0.009419876593397046,0.00022331465984415076,-4.298937714612103e-06,0.00022331465984415076,0.004009544482954538
12800.0,0.1415121154775167,-0.044532000687427985,-0.04731153068374329,0.009809286042941645,-0.0004800442483974046,-4.29893771461212e-06,-0.0004800442483974046,0.009419876593397046,0.0002233146598441509,-4.29893771461212e-06,0.0002233146598441509,0.004009544482954538
12900.0,0.19443926504131442,-0.05884442695042011,-0.08225236299671015,0.009742807089471742,-0.0004299462884465394,-3.2533214458187864e-05,-0.0004299462884465394,0.009258843617796508,0.00025460132980704986,-3.2533214458187864e-05,0.00025460132980704986,0.003990090134218116
13000.0,0.2708239988069482,-0.06803680528065,-0.10818763573060405,0.009288900285197334,-0.0003753065208108087,-6.564444020001129e-05,-0.0003753065208108087,0.009161645490987937,0.00036430237296733247,-6.564444020001129e-05,0.00036430237296733247,0.004016779386013032
13100.0,0.35920274137319536,-0.07211778809158016,-0.12668737320485896,0.009184956939163439,-0.0003308036950167614,-2.3896001758274373e-05,-0.0003308036950167614,0.009124338114351661,0.0005771351250255853,-2.3896001758274373e-05,0.0005771351250255853,0.004039168964326731
13200.0,0.4440088356323535,-0.07066012585271104,-0.13937025204029968,0.008944730286250088,-0.0003485364696075922,3.309213170966241e-05,-0.0003485364696075922,0.00913741469264135,0.0008291613673303428,3.309213170966241e-05,0.0008291613673303428,0.004068153760975897
13300.0,0.5347851130253196,-0.06304110047897507,-0.1460861817519103,0.008965388598607817,-0.00035889053672357775,0.00011987088768685027,-0.00035889053672357775,0.009106694847848812,0.0011697709858974293,0.00011987088768685027,0.0011697709858974293,0.0040886287537149745
13400.0,0.5957475275881564,-0.049148066392755985,-0.14197729669220294,0.008886331867622691,-0.00033195346777627557,0.00016262736515926495,-0.00033195346777627557,0.009151927124506267,0.0014070230710457193,0.00016262736515926495,0.0014070230710457193,0.004042267471639186
13500.0,0.6286997671053044,-0.03229589666259702,-0.12864751022392373,0.008704796373457932,-0.00022032724318896948,0.0002697114740546659,-0.00022032724318896948,0.009142548547054765,0.0016007312213697851,0.0002697114740546659,0.0016007312213697851,0.004067676554183268
13600.0,0.6581454656434187,-0.013362334097894498,-0.10984149097958326,0.00853270506920811,-5.2161247840244256e-05,0.00021930164201178592,-5.2161247840244256e-05,0.009152915302540244,0.0018378998743518854,0.00021930164201178592,0.0018378998743518854,0.0040211818976866685
13700.0,0.7365934258745568,0.004629843214429292,-0.08865741392934859,0.008570550963475799,6.63484084101335e-05,0.0004105000406069826,6.63484084101335e-05,0.009315058640789955,0.002208876191725619,0.0004105000406069826,0.002208876191725619,0.003970875389059514
13800.0,0.7096604644779849,0.026729545672629796,-0.06711641110428213,0.008457940769006527,3.5487053054943564e-05,0.0005277587570884116,3.5487053054943564e-05,0.009253571768646527,0.002218261215521945,0.0005277587570884116,0.002218261215521945,0.004000707685818086
13900.0,0.7119407967918039,0.042933566919635756,-0.05249588280156854,0.008203488528110776,2.1783517105137127e-05,0.0005438711796355388,2.1783517105137127e-05,0.00909204821614126,0.002192840251403188,0.0005438711796355388,0.002192840251403188,0.003969486165330357
14000.0,0.7039125425793787,0.055188064342597584,-0.03417231317039981,0.008117726594188345,-8.493449757115256e-06,0.0004947844944175686,-8.493449757115256e-06,0.008956324604923304,0.0021425531244138687,0.0004947844944175686,0.0021425531244138687,0.00391495793214479
14100.0,0.7140885318453922,0.0635284890296185,-0.027664204008316415,0.007978158064536492,-9.261069386249888e-05,0.00042260755349794824,-9.261069386249888e-05,0.008774840578546344,0.0021058495688163177,0.00042260755349794824,0.0021058495688163177,0.0038698081086614095
14200.0,0.7393470152054691,0.06891768681609164,-0.030749770445572075,0.00773393388115418,-5.980199109374928e-05,0.0004339637415641151,-5.980199109374928e-05,0.008745870357561974,0.002093717588519717,0.0004339637415641151,0.002093717588519717,0.0038691925182330962
14300.0,0.757637127536485,0.0719320780890932,-0.027918037079078896,0.007671178837779318,-6.514223410782845e-05,0.00042441895178936187,-6.514223410782845e-05,0.008628686874512997,0.0020688792863966105,0.00042441895178936187,0.0020688792863966105,0.003871711533610804
14400.0,0.788774863986851,0.07353724887113769,-0.033887278184592855,0.007563076839351793,-0.00014420574136740413,0.000407003149574946,-0.00014420574136740413,0.008561510166531732,0.0020475487287175036,0.000407003149574946,0.0020475487287175036,0.0038755538568438948
14500.0,0.8304863872685126,0.07341709644579472,-0.047463348859014695,0.007469368098994739,-8.36204657682047e-05,0.00041835610145766144,-8.36204657682047e-05,0.008457217155900127,0.0019769302830112195,0.00041835610145766144,0.0019769302830112195,0.0038287338652934623
14600.0,0.8980208543321669,0.072044446061154,-0.06995595171382617,0.007308823762034951,-1.0525515686962153e-06,0.00043654220886841534,-1.0525515686962153e-06,0.008249477003460598,0.0020718511173257186,0.00043654220886841534,0.0020718511173257186,0.0037957364187767412
14700.0,0.9662086114983586,0.07246330381417729,-0.08719617246877627,0.007245889070245594,5.950268424857145e-05,0.0004240998657993775,5.950268424857145e-05,0.008375410110543024,0.00227216672227705,0.0004240998657993775,0.00227216672227705,0.0038443830814747755
14800.0,1.0345411217547618,0.07219195915879736,-0.09667742946322655,0.00716491536457169,8.195063766952803e-05,0.00046611115687527716,8.195063766952803e-05,0.008429026975062672,0.002351532874716724,0.00046611115687527716,0.002351532874716724,0.0038194835849555873
14900.0,1.0699303615571243,0.07435410946429624,-0.09616471703824753,0.007086213495723244,9.004136637322965e-05,0.000457740050932928,9.004136637322965e-05,0.008513238330207961,0.002422223477700011,0.000457740050932928,0.002422223477700011,0.0038072052202625817
15000.0,1.128728665840799,0.07706521873176281,-0.09135918701743795,0.007075576101218948,9.383899033357676e-05,0.00046065323558474295,9.383899033357676e-05,0.008696585992579553,0.00259601928968111,0.00046065323558474295,0.00259601928968111,0.0038003571774747652
15100.0,1.189374130244147,0.08112563584168922,-0.07588655783460993,0.007015846295902344,8.134152897125675e-05,0.0004638738619896684,8.134152897125675e-05,0.008759761509394354,0.002753285400297733,0.0004638738619896684,0.002753285400297733,0.0038165066130370615
15200.0,1.2269019055804629,0.0873918173094051,-0.05281073706536624,0.007001346005633655,0.00015863455685548566,0.0004772749960775653,0.00015863455685548566,0.008779597564449616,0.002847697021664136,0.0004772749960775653,0.002847697021664136,0.003799351278792326
15300.0,1.2649266285948757,0.09391463401116756,-0.017845168390704783,0.00694724952015071,0.00017795043961570055,0.0004945245074274018,0.00017795043961570055,0.008760163706112102,0.0028610647269829,0.0004945245074274018,0.0028610647269829,0.003771509828668251
15400.0,1.2785617547139538,0.099502692273517,0.014046593251620018,0.006918970785606009,0.0002169209531993654,0.00048691281029399406,0.0002169209531993654,0.0086613619480509,0.002885851402117275,0.00048691281029399406,0.002885851402117275,0.0037672646858408015
15500.0,1.2985321610112686,0.10171309608637503,0.0544806832269045,0.006835296346132199,0.00014392443031349805,0.00046481669846692975,0.00014392443031349805,0.00836613018355163,0.002801953327282817,0.00046481669846692975,0.002801953327282817,0.0037559006209307967
15600.0,1.3313192772451925,0.1014352099503015,0.09066892453781142,0.00677940304485614,0.00013163721571716338,0.0004720207040966768,0.00013163721571716338,0.008350959916628035,0.002827792608454636,0.0004720207040966768,0.002827792608454636,0.0038118123813988907
15700.0,1.3626070582190386,0.09919517696195253,0.12481451976793197,0.0065788202177155895,0.00013525231187283627,0.00044144262864261264,0.00013525231187283627,0.008255653799799431,0.0027943848259494104,0.00044144262864261264,0.0027943848259494104,0.0037981688904445243
15800.0,1.3971050691134563,0.09531075249531229,0.164565715600951,0.006464526193260382,0.00011997743952261014,0.00043403109511351546,0.00011997743952261014,0.00808856909816302,0.0027160435549451766,0.00043403109511351546,0.0027160435549451766,0.0037883966858010014
15900.0,1.4417581887594841,0.09059476869043115,0.20822700383034726,0.0063407899909561725,6.653708899096191e-05,0.0004087255766759498,6.653708899096191e-05,0.007882656946234952,0.0026701299549147105,0.0004087255766759498,0.0026701299549147105,0.003810196400519603
16000.0,1.4755986869299438,0.08499035034355584,0.2556112309886786,0.006312206058278314,7.917603213739958e-05,0.00039494142544668434,7.917603213739958e-05,0.007619605476674906,0.002581648754804175,0.00039494142544668434,0.002581648754804175,0.003783147357607763
16100.0,1.59577024618521,0.10380507674437667,0.29731476741862783,0.006216371150916304,-2.1400233510253612e-05,0.00030847595069200554,-2.1400233510253612e-05,0.008124150360679393,0.002985296709452815,0.00030847595069200554,0.002985296709452815,0.00381687400837789
16200.0,1.6447072387071164,0.10387774113324072,0.35055358366427714,0.006193625656918022,-5.323319527738033e-05,0.00028516456962333935,-5.323319527738033e-05,0.008162702034757555,0.003021464266383952,0.00028516456962333935,0.003021464266383952,0.003759507604047818
16300.0,1.69389707306707,0.11186749505430124,0.43318616855779174,0.0061411921263201516,-3.339507146196461e-05,0.0002423481561612128,-3.339507146196461e-05,0.008227472929411598,0.0030881803886822095,0.0002423481561612128,0.0030881803886822095,0.0037091344982730723
16400.0,1.7327148654639455,0.11455253364398277,0.5404562413076615,0.006076917575760169,-0.00012798574602092988,0.00016239172835301723,-0.00012798574602092988,0.008218028535391653,0.0031176255271828106,0.00016239172835301723,0.0031176255271828106,0.003695865203242654
16500.0,1.7898790546280987,0.12621241254502763,0.6741784930532648,0.006013609570790954,-0.0002685348266960614,3.7010063906597495e-05,-0.0002685348266960614,0.008412358148320734,0.0032471452189358698,3.7010063906597495e-05,0.0032471452189358698,0.0036832758702534697
16600.0,1.848889284575578,0.1583720037667501,0.8228110714507285,0.005941561080036273,-0.00043284846142756765,-0.00012531530138061402,-0.00043284846142756765,0.00866429119918494,0.0034359211527527586,-0.00012531530138061402,0.0034359211527527586,0.0036408433213822714
16700.0,1.8998645758288133,0.18637588335445543,0.9691911028686311,0.005783783540186626,-0.0005312120079071718,-0.00031457087972016685,-0.0005312120079071718,0.009092431137696106,0.0036605349924413036,-0.00031457087972016685,0.0036605349924413036,0.003700836796031878
16800.0,1.9095991872979279,0.155263371981088,1.1260956389429282,0.0057779544126164255,-0.0006314291008954263,-0.0003249426737156763,-0.0006314291008954263,0.009125589438761508,0.003717675091261331,-0.0003249426737156763,0.003717675091261331,0.0037640627074420783
16900.0,1.9172607178208605,0.1295356194138538,1.273213809213403,0.005677577072028869,-0.0006730817072438202,-0.000318086064055967,-0.0006730817072438202,0.009019424650826897,0.003677087234219975,-0.000318086064055967,0.003677087234219975,0.0037550952199454438
17000.0,1.9412977936123097,0.10821424394271824,1.385415509894425,0.005641644744957731,-0.000710101868283829,-0.0003451635742314152,-0.000710101868283829,0.008868446594157413,0.0036021700417248584,-0.0003451635742314152,0.0036021700417248584,0.003716798496706948
17100.0,1.9594830886784886,0.0918011739242112,1.4630175285314468,0.00561734972152529,-0.0006773646793780678,-0.0003163802188694857,-0.0006773646793780678,0.00884378356384503,0.0035887969948742867,-0.0003163802188694857,0.0035887969948742867,0.003712768008218545
17200.0,1.9924998819186612,0.07639747775987685,1.5238212546803194,0.005545161506831408,-0.0005890823465374445,-0.0002731242905222586,-0.0005890823465374445,0.008609134550149852,0.003447332191613771,-0.0002731242905222586,0.003447332191613771,0.003649252924301943
17300.0,2.036214397419621,0.06334988102513953,1.567471299236656,0.0053867179198225906,-0.0005867578368075649,-0.00027737703824037987,-0.0005867578368075649,0.008578756035700937,0.003431759155225007,-0.00027737703824037987,0.003431759155225007,0.0036531241226018837
17400.0,2.070722907108782,0.050804324274186505,1.6023630792964663,0.005363492394550506,-0.000572315483418037,-0.000308587526383744,-0.000572315483418037,0.008488786035302908,0.0033929842899435617,-0.000308587526383744,0.0033929842899435617,0.0036160472254418343
17500.0,2.1149874170338046,0.041007234937472256,1.6473043888224308,0.005329702364935544,-0.0005868235776247258,-0.0003368547396623827,-0.0005868235776247258,0.008486190813641529,0.0034002270359278566,-0.0003368547396623827,0.0034002270359278566,0.0036107276293604724
17600.0,2.163956490899138,0.061457918746618184,1.6982619832669972,0.005331135103279821,-0.0007601974070108826,-0.0004788475887443483,-0.0007601974070108826,0.008285614815481611,0.003295572704801864,-0.0004788475887443483,0.003295572704801864,0.0035654995545838547
17700.0,2.193487065993833,0.10377789122076489,1.7574502249309865,0.005215800301821329,-0.0009286091307160642,-0.0007348834199417602,-0.0009286091307160642,0.00813008815651256,0.0032467606815972266,-0.0007348834199417602,0.0032467606815972266,0.003583167331120027
17800.0,2.2374848814234225,0.09582314539190563,1.8655290501053625,0.0051235259535936445,-0.0009946253151568735,-0.0008312608760561121,-0.0009946253151568735,0.008016374444628206,0.0031899415152228136,-0.0008312608760561121,0.0031899415152228136,0.0035638684658061462
17900.0,2.2944666262825746,0.06598020222026098,2.0193667681077523,0.00500589385249776,-0.0009096126337956873,-0.0008021988702354804,-0.0009096126337956873,0.007914879297543056,0.0031306591826235834,-0.0008021988702354804,0.0031306591826235834,0.0035155686286338678
18000.0,2.357072121402727,0.0419128820253309,2.228274218572391,0.004880346703732967,-0.0008189185401111877,-0.0007084928347358427,-0.0008189185401111877,0.007780074961643408,0.0030511417264510714,-0.0007084928347358427,0.0030511417264510714,0.0034480609092204894
18100.0,2.3539288814385815,0.09884197414653369,2.4523609168212204,0.004954458349715095,-0.0009906912574126235,-0.0010175890908504424,-0.0009906912574126235,0.007227113815113062,0.0027587242048804582,-0.0010175890908504424,0.0027587242048804582,0.0034229932801590375
18200.0,2.374147993525746,0.1111346274345143,2.647467108791232,0.004945447089169822,-0.0009778743639886353,-0.0010888323460949768,-0.0009778743639886353,0.006979874710655278,0.0025950486604976006,-0.0010888323460949768,0.0025950486604976006,0.003395887048825825
18300.0,2.418202947390011,0.11032244593830098,2.7884671087912314,0.004945447089169822,-0.0009778743639886353,-0.0010888323460949768,-0.0009778743639886353,0.006979874710655278,0.0025950486604976006,-0.0010888323460949768,0.0025950486604976006,0.0033958870488258242
18400.0,2.4519060121932927,0.12552598417233884,2.8848395528238595,0.004911779111346118,-0.000941907878205066,-0.0010683638992544228,-0.000941907878205066,0.006829061323572659,0.0025242681536645517,-0.0010683638992544228,0.0025242681536645517,0.003356813973567327
18500.0,2.4768175540551534,0.15289239785336714,2.9493956572467845,0.004900680350231248,-0.0009146486772654277,-0.0010624073584499186,-0.0009146486772654277,0.006632033499991679,0.002465310636282745,-0.0010624073584499186,0.002465310636282745,0.003335266644792353
18600.0,2.495016639071765,0.18939419302961574,2.9385576251035115,0.004849820912715447,-0.0009406866492165446,-0.0007012507459275531,-0.0009406866492165446,0.006503917831192626,-0.0024834132954144384,-0.0007012507459275531,-0.0024834132954144384,0.22562452323779827
18700.0,2.508009373674908,0.2199025699201213,2.940297324888909,0.0047854743364581735,-0.000925522238932871,-0.000372092816799911,-0.000925522238932871,0.006236752927219293,-0.0030236158244612305,-0.000372092816799911,-0.0030236158244612305,0.2625783689549379
18800.0,2.5020086732614315,0.2615265963116701,2.9519901227862753,0.004720313439301396,-0.0009221017589897292,-0.0008725212164834266,-0.0009221017589897292,0.00603038545465973,0.0014828737462826453,-0.0008725212164834266,0.0014828737462826453,0.04039583608294762
18900.0,2.504037541061887,0.30763372290167246,2.944152683494371,0.004685841603609296,-0.000822450096810811,-0.0009816651976293398,-0.000822450096810811,0.005783557262884396,0.0021075910978342557,-0.0009816651976293398,0.0021075910978342557,0.0032273584150527817
19000.0,2.409660926419446,0.3708368129851892,2.9250832042868984,0.0047194385022695665,-0.0006977897225179334,-0.0010565167348205728,-0.0006977897225179334,0.005179432273700942,0.001649577992866107,-0.0010565167348205728,0.001649577992866107,0.0032230006183177496
19100.0,2.3616694332108645,0.4118118402347747,2.9269285083921313,0.0046668247784032845,-0.0006254033112665871,-0.0011175413401531904,-0.0006254033112665871,0.004789148895445675,0.0012665257686475847,-0.0011175413401531904,0.0012665257686475847,0.0032105647277233967
19200.0,2.377697459220494,0.43054118691420923,2.939989521382574,0.004721726328996706,-0.0006281409411754297,-0.0011637404443820946,-0.0006281409411754297,0.004605850526420373,0.0011182665996965248,-0.0011637404443820946,0.0011182665996965248,0.003200397187071829
19300.0,2.349694725548647,0.44589759860269024,2.953588278743163,0.004744142768772823,-0.0005629593325011064,-0.0009685570386781168,-0.0005629593325011064,0.004467777914229135,0.0006217396582043157,-0.0009685570386781168,0.0006217396582043157,0.04033672686363825
19400.0,2.3288394469427653,0.4537126964124586,2.9433151106223194,0.00477112339140251,-0.00047704114909115597,-5.226578993969314e-06,-0.00047704114909115597,0.004269654581248595,-0.000986658664784032,-5.226578993969314e-06,-0.000986658664784032,0.2996373755545796
19500.0,2.2733016215980184,0.45724555547680035,2.8120987630741014,0.004784691513488238,-0.0003288037313135945,0.011514093014837253,-0.0003288037313135945,0.004117150856328505,-0.0003701644418351884,0.011514093014837253,-0.0003701644418351884,1.278292964545007
19600.0,2.2661040345252657,0.4506985824573973,2.523590298419354,0.004646424402884118,-0.00029273930235308574,0.027501937305777182,-0.00029273930235308574,0.003910708577983273,-0.0017881284728349146,0.027501937305777182,-0.0017881284728349146,3.024059315999703
19700.0,2.2830519736876367,0.44385159259503665,2.1761501582049965,0.004495964573440478,-0.0002766537188486946,0.03170650149976939,-0.0002766537188486946,0.0038645579899342,-0.004026417411867997,0.03170650149976939,-0.004026417411867997,4.738932975721323
19800.0,2.2774048592125755,0.43890759798133144,1.983340483819429,0.004451408967481461,-0.0002538938366022432,0.03673739763485618,-0.0002538938366022432,0.0038526001231405215,-0.004720725561166158,0.03673739763485618,-0.004720725561166158,5.5759617317725025
19900.0,2.2540461669321585,0.435603194628845,2.1224088425790173,0.004428121396857524,-0.00029016352466490177,0.03318536537786861,-0.00029016352466490177,0.003870131147685708,-0.006276646714698727,0.03318536537786861,-0.006276646714698727,4.981160454582687
20000.0,2.2358156921576593,0.4334312015111811,2.1162920264719065,0.004395740251678016,-0.0002815627346621175,0.03272712209974938,-0.0002815627346621175,0.0038769644657042947,-0.005888215882483277,0.03272712209974938,-0.005888215882483277,5.0070949808388265
20100.0,2.2020397724175176,0.4325731105336045,2.2884667547648645,0.004383222676068557,-0.00028568663310543375,0.027671610378229683,-0.00028568663310543375,0.0037967607661406996,-0.0026613408563670574,0.027671610378229683,-0.0026613408563670574,4.201539193642545
20200.0,2.1570358284424147,0.4333990202799148,2.6745441268117287,0.0044041795326888525,-0.0002850913377646613,0.019225874440019546,-0.0002850913377646613,0.003689744663903403,0.0014021765741536899,0.019225874440019546,0.0014021765741536899,2.138770539923688
20300.0,2.099862748029553,0.43544066257888886,2.8295704297072812,0.004391232837342867,-0.00024932950343775997,0.007882661737660416,-0.00024932950343775997,0.0036598762824803185,0.0010839719243055158,0.007882661737660416,0.0010839719243055158,1.1700957228245588
20400.0,2.0080847515278597,0.4380861297541937,2.908992622047043,0.004338428074553884,-0.00014876692592086552,0.00391887962662662,-0.00014876692592086552,0.0036552598008657592,-0.00019724273776510092,0.00391887962662662,-0.00019724273776510092,0.5565420375376278
20500.0,1.946412147966116,0.43810990822947965,2.92475861463264,0.00434690361192281,-0.00011008628110382509,0.00032732276148921116,-0.00011008628110382509,0.0036235459464822968,0.0009936147978471988,0.00032732276148921116,0.0009936147978471988,0.336093145330697
20600.0,1.8821145182907566,0.4368534353352901,2.9298496517958696,0.004373566006217327,-3.775317995716454e-05,0.0003370536922762093,-3.775317995716454e-05,0.0036461362762116533,0.0014017290241418988,0.0003370536922762093,0.0014017290241418988,0.3361019976113751
20700.0,1.8300670674327848,0.4324001444739133,2.928768511496666,0.004399448328914991,2.9650621243512795e-05,0.0005406780731272732,2.9650621243512795e-05,0.003625186784653365,0.0020105931708890427,0.0005406780731272732,0.0020105931708890427,0.3725908217695307
20800.0,1.7684890395013497,0.42964200976677064,2.898545545908872,0.0043964437300386405,8.309858599835997e-05,0.004302397861074867,8.309858599835997e-05,0.0036488662393246193,0.003481392607703459,0.004302397861074867,0.003481392607703459,0.6290437826966366
20900.0,1.7183111783405827,0.42328531726006813,2.8566632301281194,0.004336297683349907,0.00010070498995971008,0.005851785044511383,0.00010070498995971008,0.003748821785823852,0.008117061323395956,0.005851785044511383,0.008117061323395956,0.9908419413670938
21000.0,1.6553136574298106,0.4161134005395155,2.691282688941143,0.004355987877016539,0.00018489477571651824,0.01900736214178237,0.00018489477571651824,0.0038779462497559197,0.019862443861387597,0.01900736214178237,0.019862443861387597,2.0372321490639953
21100.0,1.5934452838744841,0.40853448412078175,2.4939374389163538,0.004271546043855649,0.00032092278807140654,0.02333844470974184,0.00032092278807140654,0.003993759807051008,0.030260942939605785,0.02333844470974184,0.030260942939605785,3.1794127101527874
21200.0,1.5886621298516728,0.39798733141329523,2.151461965054338,0.004233170043098454,0.00034609781680457246,0.029555818326337337,0.00034609781680457246,0.003956044759587611,0.03751905721816445,0.029555818326337337,0.03751905721816445,4.846139049453015
21300.0,1.56630650477571,0.391023752877107,2.3150585321923995,0.004193461094508395,0.0003512604010044913,0.02369384244747757,0.0003512604010044913,0.003893773036201008,0.033486687676089776,0.02369384244747757,0.033486687676089776,4.087545354446818
21400.0,1.5490221165422016,0.38594558959185454,2.458967684464049,0.004176088091957108,0.0003548113297640327,0.023097975124561503,0.0003548113297640327,0.0038920986872194533,0.031063016981501688,0.023097975124561503,0.031063016981501688,3.3670259771164277
21500.0,1.517896190558383,0.3827137692450145,2.661946134849071,0.004164125003791729,0.00035372123999616805,0.01604050235776262,0.00035372123999616805,0.0038704340650980162,0.025090899409950733,0.01604050235776262,0.025090899409950733,2.239421917305802
21600.0,1.4749878427794152,0.3810653517281304,2.8756566074879846,0.004156333460246418,0.00033387134808081164,0.004658255441775717,0.00033387134808081164,0.0038772019854392344,0.009118763539358837,0.004658255441775717,0.009118763539358837,0.809853930161392
21700.0,1.4344328835490336,0.3812828886146316,2.950030389040222,0.004079826830911736,0.00038783453761770376,-0.0011605646678234563,0.00038783453761770376,0.0038669986144410163,-0.001499331419455431,-0.0011605646678234563,-0.001499331419455431,0.003214862147361252
21800.0,1.3411438535407638,0.38796229740924293,2.874992049219454,0.004060509615842829,0.0004643293936264854,-0.0011909430575414832,0.0004643293936264854,0.004103812421142623,-0.0017144437314280947,-0.0011909430575414832,-0.0017144437314280947,0.003210787567604668
21900.0,1.285762663013258,0.39093798605019026,2.7919396511054932,0.004070946597899045,0.000553603796875854,-0.001217879033891942,0.000553603796875854,0.004275987790625031,-0.0018782903860257506,-0.001217879033891942,-0.0018782903860257506,0.0032065905801074114
22000.0,1.1838108744078741,0.407567852384472,2.7015565264829084,0.0041659088270330265,0.0007597488260060968,-0.00132650716185168,0.0007597488260060968,0.004651982733752709,-0.0021714277480150202,-0.00132650716185168,-0.0021714277480150202,0.0031699471449352853
22100.0,1.0844689327385935,0.4255439177253705,2.600435012994649,0.0042228036445643114,0.0010025081192218265,-0.0014405291069669883,0.0010025081192218265,0.005103812317848683,-0.0024652168338384624,-0.0014405291069669883,-0.0024652168338384624,0.0031154049441371404
22200.0,1.0189079071629923,0.4391516665171603,2.4702597057608107,0.004393371504927294,0.0012890806754272584,-0.001627510814725921,0.0012890806754272584,0.00557085944795263,-0.0027560584095666788,-0.001627510814725921,-0.0027560584095666788,0.0031281644003043584
22300.0,1.0107077280813708,0.41574278293222433,2.3650858228036666,0.004419191027459341,0.0013292573271564655,-0.0016478637966459465,0.0013292573271564655,0.005634051950819216,-0.00278579950160248,-0.0016478637966459465,-0.00278579950160248,0.003110515293063528
22400.0,0.9872132640388049,0.39953616538972236,2.2796573039451724,0.004423492761633755,0.0013796143498198883,-0.0016810966841835269,0.0013796143498198883,0.0056394691895450344,-0.002788764740637114,-0.0016810966841835269,-0.002788764740637114,0.00308490588204103
22500.0,0.980569836982364,0.37800792521852633,2.194349440895896,0.00434913753050272,0.0013337271010147745,-0.0016540956009935095,0.0013337271010147745,0.0056058872890389095,-0.0027665508247679536,-0.0016540956009935095,-0.0027665508247679536,0.0030864676837444667
22600.0,0.9578879766715476,0.36225421082878656,2.0912092044247705,0.004332121429573208,0.0013287784775998775,-0.0016427866473147513,0.0013287784775998775,0.005582338641258381,-0.0027631384838359453,-0.0016427866473147513,-0.0027631384838359453,0.0030829667248454817
22700.0,0.9222658102329314,0.35166198185883635,1.9779547344916875,0.004250458059810872,0.0012548205383081496,-0.0015728814800260913,0.0012548205383081496,0.0054646492532508285,-0.00270544392346447,-0.0015728814800260913,-0.00270544392346447,0.0030291981297632716
22800.0,0.8950857689683378,0.3455149724688761,1.8655077757732033,0.004213153526201866,0.001160767975569459,-0.001538114115440557,0.001160767975569459,0.0053341845572730555,-0.0026432678483329693,-0.001538114115440557,-0.0026432678483329693,0.0030046878978807145
22900.0,0.8568062376406953,0.34212195907091125,1.7510307269435739,0.0041391513071660484,0.0010896387818028913,-0.0014672886093978908,0.0010896387818028913,0.005195133658403828,-0.0025491108318318437,-0.0014672886093978908,-0.0025491108318318437,0.002913981892479272
23000.0,0.8098784907243763,0.34015931375143593,1.6600210198246015,0.0041385151368271205,0.0010884580352376425,-0.0014662809991840284,0.0010884580352376425,0.005163215380492685,-0.002530713193270623,-0.0014662809991840284,-0.002530713193270623,0.0029117305387434404
23100.0,0.7737679395053927,0.34004165414833554,1.5827877462014124,0.004061999731713143,0.0010210356433186772,-0.0014166228729619872,0.0010210356433186772,0.005110883199084768,-0.002499107155353568,-0.0014166228729619872,-0.002499107155353568,0.0028836820674716266
23200.0,0.7251025362238137,0.38522546112659606,1.4987060360450037,0.004159729211873078,0.0011244305852489394,-0.0015381332111805966,0.0011244305852489394,0.005083367823337985,-0.002460317222238289,-0.0015381332111805966,-0.002460317222238289,0.0028318912810401816
23300.0,0.6709146850544165,0.42665990187672465,1.42616019009705,0.004323695789904034,0.0012658478649556102,-0.001710133255758276,0.0012658478649556102,0.005038726857178809,-0.0024262625364557607,-0.001710133255758276,-0.0024262625364557607,0.0028095192201901386
23400.0,0.6243514037865032,0.40633881508340386,1.384201517210214,0.004230177290107811,0.0011795271373122001,-0.001676831350270629,0.0011795271373122001,0.0049055230854277284,-0.002358895200490216,-0.001676831350270629,-0.002358895200490216,0.0027726047139752805
23500.0,0.5769766730461419,0.4431010071843753,1.3696489965351395,0.004400655197260663,0.0012858136563200157,-0.001816690689444469,0.0012858136563200157,0.004828097044105441,-0.0023005163394040854,-0.001816690689444469,-0.0023005163394040854,0.002735401983527578
23600.0,0.5432540416319978,0.5068037188197299,1.3534348895730335,0.0048135619104282806,0.0014732943802922796,-0.0021030109523227382,0.0014732943802922796,0.004641664127914228,-0.0022009206713575146,-0.0021030109523227382,-0.0022009206713575146,0.0027083667194547014
23700.0,0.49090129967487817,0.5315687442133646,1.3449157643707097,0.005117105346071205,0.0015883367415053763,-0.0022911648770983094,0.0015883367415053763,0.004486711856110124,-0.0021018174979794326,-0.0022911648770983094,-0.0021018174979794326,0.002662267121001464
23800.0,0.4291224714442609,0.5558785907487175,1.3439437483351757,0.005544784145592826,0.001728471411045152,-0.0025101925209469215,0.001728471411045152,0.004323071694040483,-0.001990547016186061,-0.0025101925209469215,-0.001990547016186061,0.002620535373818454
23900.0,0.3783223625903865,0.588207790969129,1.3101592534092936,0.006034638512363265,0.0018211364364764957,-0.0027415381661604218,0.0018211364364764957,0.004169535380816741,-0.0018759313324708835,-0.0027415381661604218,-0.0018759313324708835,0.0025680419133452025
24000.0,0.3006613459784099,0.5296384860848591,1.2439693959984157,0.005814250243670531,0.001750920435431088,-0.002640388622357415,0.001750920435431088,0.00412561613077802,-0.001832642298880701,-0.002640388622357415,-0.001832642298880701,0.002518174539106538
24100.0,0.22495070347464766,0.4917829321068278,1.136944019010783,0.00580680026936652,0.0017114621955016418,-0.0026382812723982564,0.0017114621955016418,0.004090107859644051,-0.0017935964912896023,-0.0026382812723982564,-0.0017935964912896023,0.0025011202802096974
24200.0,0.1678219372564319,0.46256014998343015,1.004409893371844,0.005674435934655487,0.001599648052474616,-0.0025537597881782155,0.001599648052474616,0.003973434817776737,-0.0017062419373266057,-0.0025537597881782155,-0.0017062419373266057,0.002436382720264286
24300.0,0.10403749955681305,0.4337788025146819,0.8268213019406045,0.0054306152856929135,0.0015131562210840763,-0.00243031432747501,0.0015131562210840763,0.0038947139047722755,-0.0016525172425084756,-0.00243031432747501,-0.0016525172425084756,0.0023700299319446387
24400.0,0.03446484003622992,0.4063984763735313,0.6206971673742361,0.005314175129863898,0.0014619869470948418,-0.002369855345279774,0.0014619869470948418,0.003860774987319722,-0.0016295020833162657,-0.002369855345279774,-0.0016295020833162657,0.002342202282440334
24500.0,-0.017325571216464306,0.3866149717949584,0.4065739654060468,0.005322220616865386,0.0014449835973355302,-0.0023779932096950674,0.0014449835973355302,0.0038036530232102004,-0.0016197426273065229,-0.0023779932096950674,-0.0016197426273065229,0.0023442587094235764
24600.0,-0.040482286264257025,0.3895308728690091,0.22558140085174527,0.005347409066116989,0.0013396474454704273,-0.002387794119377355,0.0013396474454704273,0.0036458580935418415,-0.0014850091328427839,-0.002387794119377355,-0.0014850091328427839,0.0023237796497095893
24700.0,-0.07045133518332874,0.39722254522695366,0.08450266680085033,0.005353629165190568,0.0012824683837865541,-0.0023986139973762384,0.0012824683837865541,0.0035638155334797124,-0.001419080883101662,-0.0023986139973762384,-0.001419080883101662,0.0023235005810407637
24800.0,-0.09221482636394758,0.4156997730185956,-0.009903353464908594,0.005338648448691187,0.0012014935939822708,-0.0023819272370551696,0.0012014935939822708,0.0034920045132779695,-0.0013449554781623009,-0.0023819272370551696,-0.0013449554781623009,0.0023078498318213707
24900.0,-0.1292310183572739,0.44362159660268746,-0.058366431905962864,0.005223200681948286,0.0011398078045688534,-0.00232185799661078,0.0011398078045688534,0.003428322063664186,-0.0013153964818091004,-0.00232185799661078,-0.0013153964818091004,0.0022772307840248328
25000.0,-0.11057058610183747,0.48114236571750707,-0.07235063739430182,0.005035734747493228,0.0009408580940886399,-0.0022163500211876933,0.0009408580940886399,0.0032313680050432662,-0.0011208279359207743,-0.0022163500211876933,-0.0011208279359207743,0.0022119120722140936
25100.0,-0.10277198644533868,0.5135754589540587,-0.05135378142136744,0.0048734227770453895,0.0007597429935360106,-0.0021238844237813077,0.0007597429935360106,0.0030983309357774983,-0.0009730982716924828,-0.0021238844237813077,-0.0009730982716924828,0.002171019460371919
25200.0,-0.11788952864336333,0.5561255893343411,-0.01219785547404565,0.004821453648050161,0.000657077350604555,-0.0020912768305704843,0.000657077350604555,0.0029994207928994484,-0.000903496024747134,-0.0020912768305704843,-0.000903496024747134,0.0021389167046840856
25300.0,-0.14220906370119898,0.6049585162598408,0.028646412060376596,0.004764775925525238,0.0006288710410162645,-0.0020625025379836233,0.0006288710410162645,0.0029422257040929048,-0.000890871295414168,-0.0020625025379836233,-0.000890871295414168,0.0021272545276758963
25400.0,-0.1582951280738648,0.6571673690116153,0.04931471993131437,0.004732039606687971,0.0005876840482710493,-0.0020587927877847665,0.0005876840482710493,0.0028633934833253425,-0.0008632787078572676,-0.0020587927877847665,-0.0008632787078572676,0.0021305140704710526
25500.0,-0.16850412439515022,0.7119769563221978,0.05613531245633496,0.004746434591945485,0.0005707796533453558,-0.0020533144170571263,0.0005707796533453558,0.0027970325164955127,-0.000832896966413033,-0.0020533144170571263,-0.000832896966413033,0.002119566831526191
25600.0,-0.17464917021373938,0.7682702287255809,0.042465652783614596,0.00465642147650809,0.0005460749861518523,-0.002034135086790186,0.0005460749861518523,0.0027642046337164137,-0.0008356995432743171,-0.002034135086790186,-0.0008356995432743171,0.002119903234913418
25700.0,-0.1777346525409977,0.8122224318198201,0.01309755729151859,0.00453432646577032,0.0004930505729518127,-0.001995349446610587,0.0004930505729518127,0.002703283222190742,-0.0007883887553331889,-0.001995349446610587,-0.0007883887553331889,0.0020833270602117543
25800.0,-0.17765075095268734,0.8614192370918174,-0.038828506850629496,0.004609735463355503,0.0005137236233168527,-0.0020270592341910783,0.0005137236233168527,0.0026627629455125163,-0.0007875927294325395,-0.0020270592341910783,-0.0007875927294325395,0.002085828126436262
25900.0,-0.13194588425174442,0.9131455790977886,-0.07818589126838119,0.004572192514382644,0.0003981992115011069,-0.002009224266164256,0.0003981992115011069,0.0025871736165982238,-0.0006644313639863091,-0.002009224266164256,-0.0006644313639863091,0.002085643323587766
26000.0,-0.10460139986284511,0.9676132483510222,-0.11060005253960287,0.004546980998032045,0.0003072297651445954,-0.001996747483041255,0.0003072297651445954,0.0025060320951491447,-0.0005703858836221793,-0.001996747483041255,-0.0005703858836221793,0.002075016093365684
26100.0,-0.05439348389807511,1.0219855747592894,-0.1126277350016975,0.004482524466042644,0.0001240496898445343,-0.0019590701775796405,0.0001240496898445343,0.0024172740036501736,-0.0003927999369283605,-0.0019590701775796405,-0.0003927999369283605,0.0020621743655917105
26200.0,0.009260028700554089,1.0667968163795583,-0.11208261233260619,0.004383071556964403,-7.762617517113227e-05,-0.001911349903394799,-7.762617517113227e-05,0.0022863791631179595,-0.00018395882157515246,-0.001911349903394799,-0.00018395882157515246,0.0020487731000748853
26300.0,0.06447822205749917,1.1039505352412116,-0.10284789828603062,0.004325472626708776,-0.000271525631332692,-0.0018675412861821638,-0.000271525631332692,0.0022625165722238707,2.8708306360216872e-05,-0.0018675412861821638,2.8708306360216872e-05,0.002031809250860155
26400.0,0.09408994881512225,1.1385050700821648,-0.08284011719735186,0.004288386628972976,-0.00040346690031044637,-0.0018490158333337513,-0.00040346690031044637,0.0022654090274020016,0.000174569629575068,-0.0018490158333337513,0.000174569629575068,0.0020343342855798354
26500.0,0.15666164557382883,1.1677765861008989,-0.051790666433709845,0.0041456286882264656,-0.0005851777885056499,-0.0017743148115170156,-0.0005851777885056499,0.0023220717423424225,0.0003698054482281351,-0.0017743148115170156,0.0003698054482281351,0.0020102258879095545
26600.0,0.20390452578467014,1.195714634439712,-0.0207906664337097,0.004126163659382131,-0.0007588595444750108,-0.0017631258815768184,-0.0007588595444750108,0.0024157987750197487,0.0005702971614973538,-0.0017631258815768184,0.0005702971614973538,0.0020102258879095545
26700.0,0.20459994303404846,1.2211793891520657,-0.010790666433709907,0.004123625850638588,-0.0008111790358896178,-0.0017616350896551703,-0.0008111790358896178,0.002451764627946127,0.0006305198172948291,-0.0017616350896551703,0.0006305198172948291,0.0020102258879095528
26800.0,0.20189731199354688,1.2404390622673744,0.0005877742859108166,0.004125804644804588,-0.0008135298827628637,-0.0017703404654545781,-0.0008135298827628637,0.002435457743292705,0.0006304560777439922,-0.0017703404654545781,0.0006304560777439922,0.0020287330493138802
26900.0,0.2301457779094839,1.2562753430276539,0.00443866848281525,0.004087681516143903,-0.0008919188898733711,-0.001748782894656559,-0.0008919188898733711,0.0024862874083501504,0.0007145352323651035,-0.001748782894656559,0.0007145352323651035,0.002017963281672565
27000.0,0.2403944826608055,1.2671573739507993,-0.000264452923495504,0.004039742994194955,-0.0008372908325107077,-0.0017228060353855345,-0.0008372908325107077,0.002443439353792712,0.0006935164764076222,-0.0017228060353855345,0.0006935164764076222,0.0019984446433602607
27100.0,0.2678432776171533,1.2748861094482093,-0.014077864184564002,0.004005249729488743,-0.0008576957786155486,-0.00172941712300783,-0.0008576957786155486,0.0024135791416126044,0.0006939920546962712,-0.00172941712300783,0.0006939920546962712,0.002008980203662824
27200.0,0.28998303660393787,1.280213438878348,-0.0465711504770827,0.0039563963306025116,-0.000811751031514481,-0.0017128080690144568,-0.000811751031514481,0.002378370652364523,0.0006810208660685462,-0.0017128080690144568,0.0006810208660685462,0.002006318708084303
27300.0,0.3635660176905141,1.2835478023537021,-0.07156733016230027,0.003937402069067978,-0.0009225909411987105,-0.0017187839816135946,-0.0009225909411987105,0.0024550036951857955,0.0007879238214154294,-0.0017187839816135946,0.0007879238214154294,0.002017482145245024
27400.0,0.4052536536109115,1.2866777355417192,-0.10124483164257414,0.0039723085467699235,-0.0009555319465613044,-0.0017381947217871777,-0.0009555319465613044,0.0024796613277567386,0.0008351571987138223,-0.0017381947217871777,0.0008351571987138223,0.0020316856088862514
27500.0,0.5001745639115952,1.285928184788712,-0.11690470981326712,0.003912557550181471,-0.0010792946771175534,-0.001702444281652051,-0.0010792946771175534,0.0026330559284821766,0.0010068960821815708,-0.001702444281652051,0.0010068960821815708,0.0020195533903808807
27600.0,0.5747368046559226,1.2879610122034326,-0.10222783947477214,0.003887110249280832,-0.001189110579019542,-0.0016809315864380235,-0.001189110579019542,0.0027753271757968005,0.001152260186322414,-0.0016809315864380235,0.001152260186322414,0.002025697723667649
27700.0,0.6236496232684192,1.2926761738534616,-0.0943280485649005,0.0038452730500486633,-0.0012681652290819178,-0.0016555184148804053,-0.0012681652290819178,0.002915009209463179,0.0012640471346277299,-0.0016555184148804053,0.0012640471346277299,0.002019324748005915
27800.0,0.6787867173410793,1.297733429503248,-0.07472325897660664,0.0037923508703555805,-0.0013460984418851344,-0.0016360513153573155,-0.0013460984418851344,0.0030624290931235004,0.0013810932912473044,-0.0016360513153573155,0.0013810932912473044,0.002022777435070457
27900.0,0.716263608959689,1.3042221663720177,-0.045251747761459724,0.003720116947778195,-0.0013326897298468166,-0.0015993473081094454,-0.0013326897298468166,0.003116431588600977,0.0014221755987217145,-0.0015993473081094454,0.0014221755987217145,0.002014733548671104
28000.0,0.7234152920127906,1.3097047844554557,-0.013051253394120967,0.0036349285578509503,-0.0013156621955903182,-0.0015557327050815517,-0.0013156621955903182,0.0031349760109007263,0.0014195690655033947,-0.0015557327050815517,0.0014195690655033947,0.001998566869775609
28100.0,0.7477151274287106,1.312600104689214,0.007969398902942466,0.0036057323103323635,-0.001301031021762403,-0.0015432901846007508,-0.001301031021762403,0.0031406237788566584,0.0014219394765736962,-0.0015432901846007508,0.0014219394765736962,0.001995815146837108
28200.0,0.7852819780443827,1.3136447744778672,0.009094779618077063,0.0035603019540064607,-0.0012644809872067897,-0.0015201201076636556,-0.0012644809872067897,0.0031270693086073767,0.0014230430242761763,-0.0015201201076636556,0.0014230430242761763,0.001991009669602129
28300.0,0.8149141582934416,1.3137730118478697,0.014501998542659834,0.0035222986686387846,-0.0012260960727310036,-0.0014821692003107287,-0.0012260960727310036,0.003110426768665898,0.0013978468210824363,-0.0014821692003107287,0.0013978468210824363,0.0019669061161487165
28400.0,0.8566677900203533,1.3126676388708312,0.018306325450560285,0.0035089059561242072,-0.0011827975466547113,-0.0014457737934629297,-0.0011827975466547113,0.0030732151036243095,0.001383318181651151,-0.0014457737934629297,0.001383318181651151,0.0019341055899075844
28500.0,0.9225366632948044,1.3115283441835683,0.010302950566677838,0.0034856800895778505,-0.0011677777189722685,-0.0014148036649638937,-0.0011677777189722685,0.0030947932598579812,0.0014143759650910178,-0.0014148036649638937,0.0014143759650910178,0.001922539963941725
28600.0,0.9880738402365167,1.3109240315414505,-0.0043948996153669925,0.0034988897559543944,-0.0012172453040632722,-0.0014350389995302767,-0.0012172453040632722,0.0032131917103245655,0.0014963916192134036,-0.0014350389995302767,0.0014963916192134036,0.0019400674933257732
28700.0,1.0264680432352833,1.309073187122742,-0.006073446829974411,0.003430335360880796,-0.0011813918542623071,-0.0014179949301960514,-0.0011813918542623071,0.003186399165322315,0.0014827870839936791,-0.0014179949301960514,0.0014827870839936791,0.0019451137900485236
28800.0,1.078620025228264,1.3076711383184685,-0.007443702626283009,0.0034386213228079043,-0.001199503345309483,-0.0014081748029362337,-0.001199503345309483,0.0032438936481176918,0.0015212818932262618,-0.0014081748029362337,0.0015212818932262618,0.0019406260319181786
28900.0,1.1514560606553053,1.3068957746696988,0.05091673286667499,0.0034261311138135356,-0.0012211398390937526,-0.0013819725026170415,-0.0012211398390937526,0.003352245316761559,0.0015793749559095105,-0.0013819725026170415,0.0015793749559095105,0.0019184563240837928
29000.0,1.2096086817255203,1.3072856150401568,0.131351281654482,0.0033754704259643035,-0.0012497999151327645,-0.001374009196068178,-0.0012497999151327645,0.0034910669183937835,0.0016564635598146254,-0.001374009196068178,0.0016564635598146254,0.0019261958002807279
29100.0,1.2610278121562715,1.310389213624466,0.2458777738310924,0.003324081790974427,-0.0012680440387521639,-0.0013467080741884512,-0.0012680440387521639,0.003580754230991231,0.0017098545953627023,-0.0013467080741884512,0.0017098545953627023,0.0019103572254779203
29200.0,1.331820840054093,1.3195616193517012,0.3899859639760812,0.003313025796429789,-0.0013208091998022742,-0.0013335497054029089,-0.0013208091998022742,0.0037068965676822037,0.001765793339535753,-0.0013335497054029089,0.001765793339535753,0.0018636359203732834
29300.0,1.3603711658467366,1.3141585275562977,0.5490793666608211,0.003311885682147022,-0.0012625541765550303,-0.0013068190801950536,-0.0012625541765550303,0.003602482652644821,0.0017058703051304116,-0.0013068190801950536,0.0017058703051304116,0.0018343604676755894
29400.0,1.3823912956916617,1.3094351838885807,0.705636398500609,0.003312228290180708,-0.0012614253992720803,-0.0013176049384182689,-0.0012614253992720803,0.0035974631837538207,0.001707556228502169,-0.0013176049384182689,0.001707556228502169,0.0018428797207347774
29500.0,1.4172446089537911,1.3045696442505919,0.854836420041998,0.003292972073914148,-0.0012524596505295266,-0.0013078492441296922,-0.0012524596505295266,0.0036389065384930964,0.0017166500936115494,-0.0013078492441296922,0.0017166500936115494,0.0018430618392091555
29600.0,1.4671635494321074,1.3058094751318046,0.9809750974266533,0.0033395726969483045,-0.0012836014034161034,-0.0013413699984955749,-0.0012836014034161034,0.003633082732649393,0.0017220699948737447,-0.0013413699984955749,0.0017220699948737447,0.001845152428698728
29700.0,1.5008358584614658,1.2997643891357438,1.08115988465735,0.003302834351328719,-0.0012800410374663542,-0.0013352934329582222,-0.0012800410374663542,0.0036223817881956837,0.0017265814816610286,-0.0013352934329582222,0.0017265814816610286,0.0018502397239030402
29800.0,1.5482894633436932,1.3008321177056263,1.1564858375283131,0.003334361937299466,-0.0013037872686190834,-0.0013612079031685934,-0.0013037872686190834,0.003615863332766215,0.0017237329717813767,-0.0013612079031685934,0.0017237329717813767,0.0018537302381448203
29900.0,1.601992838193283,1.3005324323135155,1.1946716612819714,0.0033496227533232896,-0.0013091599618911402,-0.0013737683650029864,-0.0013091599618911402,0.0035968407587035384,0.0017166295995111715,-0.0013737683650029864,0.0017166295995111715,0.0018465513629399237
30000.0,1.6560089609067061,1.334303149736238,1.2007761241151007,0.0035086838420396687,-0.0014347117876143149,-0.0014831123287905414,-0.0014347117876143149,0.003682874849544108,0.001777750737952103,-0.0014831123287905414,0.001777750737952103,0.0018642935443965959
30100.0,1.7173348991219681,1.3651289559372133,1.217491492620312,0.0036810074290306205,-0.0015879443139133033,-0.0016038090323754611,-0.0015879443139133033,0.0037994547493256066,0.0018488155636629377,-0.0016038090323754611,0.0018488155636629377,0.0018769149807490134
30200.0,1.8060171777222354,1.456924725350551,1.2402407291079678,0.0040657281536637,-0.0018879672925253474,-0.0018602482185892067,-0.0018879672925253474,0.0039886991247883785,0.001957605976005068,-0.0018602482185892067,0.001957605976005068,0.0018879892661929959
30300.0,1.8586885950412204,1.488536047408837,1.2767854476092757,0.0043595179615955075,-0.0021550515484095065,-0.0020435802048445217,-0.0021550515484095065,0.0042175991908325735,0.0020710076807443543,-0.0020435802048445217,0.0020710076807443543,0.0019147205162208841
30400.0,1.907271854799309,1.488871802440324,1.3241900931045385,0.004776451860524048,-0.002422230044565968,-0.0022501300981405577,-0.002422230044565968,0.004325091372757398,0.0021338512912937413,-0.0022501300981405577,0.0021338512912937413,0.001936469594049328
30500.0,1.9334869916909052,1.4506424957885748,1.4064157027804143,0.004940594305769916,-0.0025088351524114325,-0.0023196050498917554,-0.0025088351524114325,0.004407983317896335,0.002165182992547748,-0.0023196050498917554,0.002165182992547748,0.001940502497222686
30600.0,1.9656141165172805,1.390049567126661,1.535718221279412,0.005029512573546172,-0.0025732195040651215,-0.0023805497649078858,-0.0025732195040651215,0.004453050740362919,0.0022075210180979975,-0.0023805497649078858,0.0022075210180979975,0.001970366124257968
30700.0,2.0101597941411864,1.3423666529167644,1.706183424925888,0.005003837017083479,-0.002575035098657854,-0.002375099164890957,-0.002575035098657854,0.004478592911158319,0.002218079682971527,-0.002375099164890957,0.002218079682971527,0.0019724762136072668
30800.0,2.044406889307738,1.305587914432794,1.8926814194139152,0.005019144146290885,-0.002586984086125029,-0.002386430322113081,-0.002586984086125029,0.004504667106119439,0.0022399212941338928,-0.002386430322113081,0.0022399212941338928,0.0019835200785197583
30900.0,2.0885409453993447,1.277054739257168,2.0801548507111565,0.004963884380980084,-0.002546879369030958,-0.00235799364148081,-0.002546879369030958,0.004456147068795341,0.0022126651388869978,-0.00235799364148081,0.0022126651388869978,0.001961969088488708
31000.0,2.1409368973663856,1.254424777521912,2.2723836260050945,0.004959716715471546,-0.0025257496302077266,-0.002377146531271974,-0.0025257496302077266,0.0044417991116377795,0.002218754834121979,-0.002377146531271974,0.002218754834121979,0.001978271104340503
31100.0,2.1812159975032848,1.2364493265098453,2.4488464787712054,0.004924800121617857,-0.00247242971101902,-0.0023656199944864943,-0.00247242971101902,0.004391288015335472,0.0022078979928897235,-0.0023656199944864943,0.0022078979928897235,0.001979011119416812
31200.0,2.2071583299590998,1.241324937094168,2.5963722729509535,0.005025736964263737,-0.00245254902249246,-0.0024131534174862703,-0.00245254902249246,0.004251073721609238,0.0021561614968370474,-0.0024131534174862703,0.0021561614968370474,0.0019822807378539757
31300.0,2.2196719320549736,1.2547537245604865,2.6836825183810262,0.005221436703122416,-0.0023295030717257284,-0.002489172972070824,-0.0023295030717257284,0.003923522108212055,0.0020073173584732023,-0.002489172972070824,0.0020073173584732023,0.0019780317973597836
31400.0,2.2292977290897746,1.258384506189644,2.7542562685562233,0.005492136579017451,-0.002196194289897576,-0.002578915539976748,-0.002196194289897576,0.003623702477973878,0.0018521761261232868,-0.002578915539976748,0.0018521761261232868,0.0019735162520459187
31500.0,2.255780844882672,1.2559122189871377,2.7996313784986993,0.00572880734931281,-0.0020679314293312033,-0.0026784132194810116,-0.0020679314293312033,0.0033776650258057262,0.001720964777542738,-0.0026784132194810116,0.001720964777542738,0.001993025922631363
31600.0,2.20218347742529,1.2779903389013476,2.8492479993808404,0.006249802897879167,-0.0017046797398783098,-0.0028727875557437786,-0.0017046797398783098,0.0028479260651982172,0.0013827511537914477,-0.0028727875557437786,0.0013827511537914477,0.0020167606147658734
31700.0,2.214806059091499,1.2855963962737875,2.8791132304804963,0.006632903053103581,-0.0014445929380878099,-0.003026991624380937,-0.0014445929380878099,0.002565247342852624,0.0011813356280592686,-0.003026991624380937,0.0011813356280592686,0.0020546425644783505
31800.0,2.2706725296875363,1.290753188841967,2.9116250695997667,0.006894845375056567,-0.0013151342523898644,-0.0031346034383091677,-0.0013151342523898644,0.002467738226408556,0.0010995951094390185,-0.0031346034383091677,0.0010995951094390185,0.0020883216181281647
31900.0,2.285888295073117,1.3144410245932585,2.937367965192573,0.0071872188244911225,-0.0010473802834026318,-0.00323833686438086,-0.0010473802834026318,0.00227259186952136,0.0009121374641129349,-0.00323833686438086,0.0009121374641129349,0.0021074289393746464
32000.0,2.2726494744393717,1.3378211181467892,2.964282750686931,0.0074409413892601054,-0.0006433178661406291,-0.003309795898478818,-0.0006433178661406291,0.002081513011767853,0.0006444584423300737,-0.003309795898478818,0.0006444584423300737,0.002106886762621433
32100.0,2.36802839144345,1.3483572719699044,3.0121499939744023,0.0074308975486892465,-0.000622137320076785,-0.0032727131756819317,-0.000622137320076785,0.002056739383260453,0.0006322105158759628,-0.0032727131756819317,0.0006322105158759628,0.0020689158104807226
32200.0,2.4401896554702716,1.3704106326844494,2.776965825649647,0.007414040326422114,-0.0006111260620025147,0.029345613324612666,-0.0006111260620025147,0.002049260766413861,-0.003398965393157759,0.029345613324612666,-0.003398965393157759,1.6853922562127606
32300.0,2.4868123320508504,1.4020267294424724,2.7876838868130687,0.007363774657816076,-0.0005657347523638096,0.02756886767754799,-0.0005657347523638096,0.0020347321183078093,-0.0028696944151241914,0.02756886767754799,-0.0028696944151241914,1.6154632521234333
32400.0,2.5281505547168015,1.4397303077657444,2.9151832074990893,0.007270410431433281,-0.0005411332912676821,0.016114789842468523,-0.0005411332912676821,0.0019886466442336345,-0.0007033058218859945,0.016114789842468523,-0.0007033058218859945,0.8620070945983785
32500.0,2.5504359923813693,1.4838695243437268,3.0007811261961512,0.007134251955699261,-0.000494006142070504,0.0025783270763174025,-0.000494006142070504,0.0019465144390946386,-0.0005481075525734407,0.0025783270763174025,-0.0005481075525734407,0.22888424244388997
32600.0,2.5435795857951105,1.5347880986490736,3.0161620084110607,0.007046188604064251,-0.0003939590758849688,-0.0030599953556895245,-0.0003939590758849688,0.0018820783279856835,0.0004706170086808825,-0.0030599953556895245,0.0004706170086808825,0.001956879618189219
32700.0,2.566603935335693,1.5707838891607087,2.995852145523723,0.0069082080812423105,-0.0004308564855795909,-0.0029788295613564692,-0.0004308564855795909,0.0018495936160489424,0.00047351012790755603,-0.0029788295613564692,0.00047351012790755603,0.001913050657555125
32800.0,2.548958933385653,1.600786294672693,2.9930703495524744,0.006708132351659429,-0.0003862120833650335,-0.002891040553808847,-0.0003862120833650335,0.0018056557748093824,0.0004324244758526718,-0.002891040553808847,0.0004324244758526718,0.0018778507223161686
32900.0,2.417404828206184,1.6434304759991418,2.972189411781773,0.006727164843287311,9.432969291242894e-05,-0.0028883540874539496,9.432969291242894e-05,0.0016997221683767722,0.00011130796500522332,-0.0028883540874539496,0.00011130796500522332,0.0018550561314463975
33000.0,2.324647684077034,1.6765257250850287,2.9700008856346862,0.006722614008635555,0.0004563038806513408,-0.0028674865240652194,0.0004563038806513408,0.0016496351967132403,-0.00014513773917316887,-0.0028674865240652194,-0.00014513773917316887,0.0018319497062746848
33100.0,2.2164987475802262,1.7076438322351524,2.9696468856771716,0.006913495854860696,0.0009557031381804727,-0.0029239312757765664,0.0009557031381804727,0.001743807024757842,-0.00045669991863217415,-0.0029239312757765664,-0.00045669991863217415,0.0018344041933294189
33200.0,2.203714405563523,1.7206586094052132,2.9538815571506696,0.0070299703619227626,0.0012122527003666746,-0.002953336491517693,0.0012122527003666746,0.0018310257700193257,-0.0006066145554982512,-0.002953336491517693,-0.0006066145554982512,0.0018296771983006951
33300.0,2.1990253956509536,1.7280691625501623,2.9588148410636728,0.007061634353988666,0.0013687731721188355,-0.0029549959312601968,0.0013687731721188355,0.0018907983571910107,-0.0006985900890603306,-0.0029549959312601968,-0.0006985900890603306,0.001816901194299281
33400.0,2.104967941779906,1.748744900924052,2.9756696956665385,0.007238151618920171,0.001868547399911478,-0.0030108350250432694,0.001868547399911478,0.0021507131313097984,-0.0009864654971264344,-0.0030108350250432694,-0.0009864654971264344,0.0018197141980346543
33500.0,2.1226108760980402,1.7476453747540561,3.0076993027618277,0.00722028378025059,0.0019626086086981577,-0.003004623653589356,0.0019626086086981577,0.0022224118854498698,-0.001043982988901962,-0.003004623653589356,-0.001043982988901962,0.0018164467861650792
33600.0,2.146260091823466,1.7412562998621133,3.006706004882366,0.0070433156142068526,0.0018921072295638142,0.002382895829126752,0.0018921072295638142,0.002191232603089587,0.001325819420276343,0.002382895829126752,0.001325819420276343,0.22920082160246116
33700.0,2.1213065611664006,1.7382116622448955,3.011967801898832,0.006841496656215205,0.0018982280645984653,0.0016019667444074363,0.0018982280645984653,0.002219680957612042,0.0010130110404604612,0.0016019667444074363,0.0010130110404604612,0.19138208372185442
33800.0,2.0860467403554632,1.737418746091259,3.016953438659966,0.006655557203573331,0.0019748939900129723,0.0007280803592965828,0.0019748939900129723,0.0023014361246456224,0.0006253081868992294,0.0007280803592965828,0.0006253081868992294,0.1534746359678897
33900.0,2.039292784703946,1.7362659499101807,3.0232792648193336,0.006526376595297918,0.0020588502034095324,-0.002724981311899274,0.0020588502034095324,0.002397609487649832,-0.0011844984409507021,-0.002724981311899274,-0.0011844984409507021,0.0017039461640285885
34000.0,2.0171760008811437,1.7337080681301296,2.9921588262788124,0.0063801556216777095,0.0020804720629824095,-0.002670418485134847,0.0020804720629824095,0.0024456037484068827,-0.0012160793372552057,-0.002670418485134847,-0.0012160793372552057,0.0016874188134620776
34100.0,2.0019343640612233,1.728016554737614,2.958483696887884,0.006094395407359575,0.0019663300179665667,-0.002552844511678622,0.0019663300179665667,0.002404520253347935,-0.0011810957195532682,-0.002552844511678622,-0.0011810957195532682,0.0016418161592539077
34200.0,1.932894282309106,1.729814715450831,2.9149266788960766,0.005974713622651736,0.0020583804615887692,-0.0025034822298332184,0.0020583804615887692,0.0025162842760145508,-0.0012543114263265608,-0.0025034822298332184,-0.0012543114263265608,0.0016230208422835341
34300.0,1.778705200793838,1.7567078216365344,2.86720876274316,0.006062409687019343,0.0025139778183282994,-0.0025205041316062634,0.0025139778183282994,0.0029979846026833563,-0.0015260134329635917,-0.0025205041316062634,-0.0015260134329635917,0.001602854598195719
34400.0,1.6829891212995451,1.7732914583750348,2.876530441113178,0.006172663172634098,0.00285534098535117,-0.002548538960232758,0.00285534098535117,0.003383114126354162,-0.0017123743130737796,-0.002548538960232758,-0.0017123743130737796,0.0015880357725892799
34500.0,1.600259277803844,1.7826697123838189,2.909878427422549,0.0062644130822864345,0.003175495991993972,-0.0025730945467480654,0.003175495991993972,0.003786285533663329,-0.001886596272277242,-0.0025730945467480654,-0.001886596272277242,0.0015770323511802794
34600.0,1.5592923084354413,1.781504400084442,2.92789153207786,0.006247226292815979,0.0033627008103368937,-0.002551278810396639,0.0033627008103368937,0.004067098677212833,-0.0019821765626123387,-0.002551278810396639,-0.0019821765626123387,0.0015472088276716168
34700.0,1.4673610663685905,1.7890305919078227,2.967917887720796,0.006334454280633937,0.0037883329585473567,-0.002570039807462163,0.0037883329585473567,0.004661789139046706,-0.0021936148336659644,-0.002570039807462163,-0.0021936148336659644,0.0015287900990732686
34800.0,1.4022178240294845,1.7860010782493307,3.016037779499076,0.006372410743611076,0.004095286628555986,-0.0025798745516953017,0.004095286628555986,0.005175134495154685,-0.0023563070760437813,-0.0025798745516953017,-0.0023563070760437813,0.0015188981959622521
34900.0,1.3909891995040924,1.7751078930399058,3.0129248590755187,0.006359094159532411,0.004201290324950636,0.0024346671863056707,0.004201290324950636,0.005434423497953239,0.003471118319898029,0.0024346671863056707,0.003471118319898029,0.2294624986362034
35000.0,1.4235681942495124,1.7586176736436956,2.663069988641614,0.006208114246321315,0.0040832971349947155,0.040762140612459974,0.0040832971349947155,0.00534918161462372,0.04875495829988663,0.040762140612459974,0.04875495829988663,2.4130889771119364
35100.0,1.4281406604378888,1.7444249984626368,2.664087802333335,0.005911127036449198,0.003889810406187002,0.03992686916669732,0.003889810406187002,0.0052070594391484685,0.048069610349793866,0.03992686916669732,0.048069610349793866,2.413894992366742
35200.0,1.4299370448827744,1.7326257791567876,2.7193466995995688,0.005673889596359719,0.0037330214561214544,0.03329800076488062,0.0037330214561214544,0.005113813584687932,0.04050482523078849,0.03329800076488062,0.04050482523078849,2.109660447401118
35300.0,1.4116065334635564,1.722366477387117,2.966825747804082,0.005438300341977092,0.0035919793146699723,0.010624591049791427,0.0035919793146699723,0.0050392245605432665,0.014163242157701447,0.010624591049791427,0.014163242157701447,0.6440024102366446
35400.0,1.3476415690603043,1.715064935511433,3.018006969873283,0.005198128318689736,0.0035393575435316805,0.0025353873984282826,0.0035393575435316805,0.005124140153356418,0.003596480339980774,0.0025353873984282826,0.003596480339980774,0.2295883549790212
35500.0,1.2244178431923272,1.7160813751664254,2.9879859888068454,0.005068046423669957,0.0037041077950963953,-0.0020472276529593728,0.0037041077950963953,0.005614185280828421,-0.002309146668335628,-0.0020472276529593728,-0.002309146668335628,0.001297114841597159
35600.0,1.100188377371345,1.7259568003647705,2.9550298424968355,0.004942478326129827,0.0039057627932829507,-0.0019967032456134452,0.0039057627932829507,0.00615465316340059,-0.002432432179377829,-0.0019967032456134452,-0.002432432179377829,0.0012676625557489728
35700.0,0.9946280308231202,1.7408713476299396,2.942480031277226,0.005057164893155367,0.004301244832135197,-0.0020213392653251282,0.004301244832135197,0.006998559964020622,-0.0026299688237108464,-0.0020213392653251282,-0.0026299688237108464,0.0012604102214166296
35800.0,0.8855151133022636,1.7583714388989682,2.936817130037598,0.00512529536005696,0.004663319909063594,-0.0020361028241343117,0.004663319909063594,0.007886497344667922,-0.0028140492742201027,-0.0020361028241343117,-0.0028140492742201027,0.0012457337440259027
35900.0,0.8165291860781296,1.766453725925476,2.942705378276141,0.005209126981716295,0.00498715725212119,-0.0020471698161504508,0.00498715725212119,0.008637312952706732,-0.0029589526947216734,-0.0020471698161504508,-0.0029589526947216734,0.0012307055063285855
36000.0,0.8388590083646171,1.7571724085650442,2.987521472399356,0.00517208514595249,0.005012510374628165,-0.0020257644327283386,0.005012510374628165,0.008809966554768907,-0.002971852963253174,-0.0020257644327283386,-0.002971852963253174,0.0012149734899651074
36100.0,0.823722276619171,1.7513622021276871,3.030280090818053,0.005032431355052847,0.004961448151435344,0.001419789898052801,0.004961448151435344,0.00889351521926061,0.0031063961418920567,0.001419789898052801,0.0031063961418920567,0.15372795170789583
36200.0,0.7865845372713769,1.7429707914532222,2.007851810632453,0.004915249041045706,0.004960538033488513,0.06909095071816969,0.004960538033488513,0.009158126014413239,0.14584376232787633,0.06909095071816969,0.14584376232787633,5.626185173549971
36300.0,0.825400806591827,1.730107228509699,-2.0510646928522354,0.004729992535201221,0.004772154033309778,0.10324996505756613,0.004772154033309778,0.00885789715982858,0.1336134420993159,0.10324996505756613,0.1336134420993159,5.461034803985221
36400.0,0.83572604851529,1.7191985371563097,-2.4155511899003455,0.0045454521755222185,0.004589115155391229,0.0754641744476741,0.004589115155391229,0.008658144084136163,0.09996659500622102,0.0754641744476741,0.09996659500622102,3.778462547366528
36500.0,0.8239778423589974,1.709266138224263,-0.36179963739623067,0.0043162236787816985,0.0043520411770677685,0.11801286567566323,0.0043520411770677685,0.008388620518289999,0.2048222863898627,0.11801286567566323,0.2048222863898627,9.598230087336011
36600.0,0.7025812187050051,1.7011792334873335,2.1218734340914245,0.004228995816964474,0.0044753839481672065,0.05660696975761381,0.0044753839481672065,0.00899007350625694,0.1329667326028828,0.05660696975761381,0.1329667326028828,5.136936513616609
36700.0,0.6535506938654101,1.6970434958747254,3.0396250149859654,0.004021089905875516,0.004313401000257541,0.0009103331463784091,0.004313401000257541,0.00896680557366003,0.0023043523931833006,0.0009103331463784091,0.0023043523931833006,0.11561076885888634
36800.0,0.591390051955119,1.6964196871634212,3.034121765163536,0.003952060793613228,0.004325419318108677,0.00014357294006182183,0.004325419318108677,0.009181078131912702,0.0007473731953400939,0.00014357294006182183,0.0007473731953400939,0.07736140266082978
36900.0,0.5153464038106544,1.7001515422698885,3.0416418630865634,0.00384603120739118,0.00430290738976628,0.001014300645587983,0.00430290738976628,0.00946070198066532,0.0026438867799028483,0.001014300645587983,0.0026438867799028483,0.11556175796713224
37000.0,0.478177333559081,1.699198856770252,3.0498530295109836,0.0037762088756274842,0.004268531621858314,0.0002540383962520727,0.004268531621858314,0.00955522577122086,0.0010084853489493535,0.0002540383962520727,0.0010084853489493535,0.07730274666660418
37100.0,0.43560664700703206,1.6998374872409838,3.0428886859329958,0.0037411072059502803,0.004312033928924025,0.0026375473404570676,0.004312033928924025,0.009807277936440387,0.0050722809479658605,0.0026375473404570676,0.0050722809479658605,0.1924007316498647
37200.0,0.38559094746421946,1.6987501849446536,2.9032974463744186,0.0036219783232366975,0.004271718108221373,0.01640125801149138,0.004271718108221373,0.009994091951073984,0.03566985173466198,0.01640125801149138,0.03566985173466198,1.0900272285527643
37300.0,0.3376189882094792,1.696244533280912,2.800329135788617,0.0035459750003177444,0.004251007433845382,0.025713598618505237,0.004251007433845382,0.010208223990485689,0.05864446716262403,0.025713598618505237,0.05864446716262403,1.7361087887315856
37400.0,0.3169719459097824,1.6937758100643943,2.7948471146660485,0.0034755807989117152,0.004207162441380681,0.024719864623723643,0.004207162441380681,0.010256695915904862,0.06154010543560017,0.024719864623723643,0.06154010543560017,1.7716659341302623
37500.0,0.2841062737191731,1.692419335581337,2.8155904940286063,0.0034115796163562907,0.004148292136027663,0.023079589168318884,0.004148292136027663,0.01025885459339681,0.059022231449852094,0.023079589168318884,0.059022231449852094,1.6663537002913074
37600.0,0.22664012015519566,1.6917322188929693,2.850364309597239,0.0031777341457449866,0.0039025666627083154,0.020464576252779615,0.0039025666627083154,0.010034536802506027,0.05074213826165073,0.020464576252779615,0.05074213826165073,1.453727292458033
37700.0,0.19097856516945994,1.6911306855268702,2.960713583884848,0.003082283469713979,0.0038050091684320524,0.009436008811570916,0.0038050091684320524,0.010004882512014555,0.027062345428440934,0.009436008811570916,0.027062345428440934,0.7592259972140695
37800.0,0.14684602633904986,1.691538984282822,2.9804426169905893,0.003029883306848264,0.003765083314821981,0.008679794188407277,0.003765083314821981,0.01003686068410254,0.023836963060241523,0.008679794188407277,0.023836963060241523,0.6473262641558449
37900.0,0.08891993805964482,1.6925145998066369,2.9770695734545987,0.0029607940143475207,0.0037257988458849283,0.009185237840340555,0.0037257988458849283,0.010157544259618647,0.02594300608517399,0.009185237840340555,0.02594300608517399,0.6848687579966262
38000.0,0.052898843808106284,1.6925575500370713,2.930854160919858,0.00286257653838593,0.0036170848679008597,0.01375947905688307,0.0036170848679008597,0.01012960617689979,0.03791091657236036,0.01375947905688307,0.03791091657236036,0.9822402184426403
38100.0,0.045463366371614765,1.690486948020138,2.982476538595436,0.0028059699808757064,0.003518556766695231,0.008816075088080761,0.003518556766695231,0.009933252725424183,0.025125979203975038,0.008816075088080761,0.025125979203975038,0.6473973189198846
38200.0,0.03219259904505872,1.6891756975569403,2.452956520973098,0.0027430956610572494,0.0034180625964459685,0.027581356316760362,0.0034180625964459685,0.009757273081549021,0.11007891593580839,0.027581356316760362,0.11007891593580839,3.6259180556536488
